Year,Site,Distance,Height,SiteYear
2010,Barnett,0,5.6,Barnett 2010
2010,Barnett,1,5.51,Barnett 2010
2010,Barnett,2,5.42,Barnett 2010
2010,Barnett,3,5.32,Barnett 2010
2010,Barnett,4,5.23,Barnett 2010
2010,Barnett,5,5.14,Barnett 2010
2010,Barnett,6,5.05,Barnett 2010
2010,Barnett,7,4.96,Barnett 2010
2010,Barnett,8,4.87,Barnett 2010
2010,Barnett,9,4.77,Barnett 2010
2010,Barnett,10,4.68,Barnett 2010
2010,Barnett,11,4.59,Barnett 2010
2010,Barnett,12,4.5,Barnett 2010
2010,Barnett,13,4.41,Barnett 2010
2010,Barnett,14,4.32,Barnett 2010
2010,Barnett,15,4.22,Barnett 2010
2010,Barnett,16,4.13,Barnett 2010
2010,Barnett,17,4.04,Barnett 2010
2010,Barnett,18,3.95,Barnett 2010
2010,Barnett,19,4.04,Barnett 2010
2010,Barnett,20,4.12,Barnett 2010
2010,Barnett,21,3.94,Barnett 2010
2010,Barnett,22,3.76,Barnett 2010
2010,Barnett,23,3.59,Barnett 2010
2010,Barnett,24,3.41,Barnett 2010
2010,Barnett,25,3.23,Barnett 2010
2010,Barnett,26,3.05,Barnett 2010
2010,Barnett,27,2.88,Barnett 2010
2010,Barnett,28,2.7,Barnett 2010
2010,Barnett,29,2.52,Barnett 2010
2010,Barnett,30,2.34,Barnett 2010
2010,Barnett,31,2.17,Barnett 2010
2010,Barnett,32,1.99,Barnett 2010
2010,Barnett,33,1.94,Barnett 2010
2010,Barnett,34,1.9,Barnett 2010
2010,Barnett,35,1.85,Barnett 2010
2010,Barnett,36,1.8,Barnett 2010
2010,Barnett,37,1.76,Barnett 2010
2010,Barnett,38,1.71,Barnett 2010
2010,Barnett,39,1.66,Barnett 2010
2010,Barnett,40,1.62,Barnett 2010
2010,Barnett,41,1.57,Barnett 2010
2010,Barnett,42,1.52,Barnett 2010
2010,Barnett,43,1.48,Barnett 2010
2010,Barnett,44,1.43,Barnett 2010
2010,Barnett,45,1.38,Barnett 2010
2010,Barnett,46,1.34,Barnett 2010
2010,Barnett,47,1.29,Barnett 2010
2010,Barnett,48,1.24,Barnett 2010
2010,Barnett,49,1.2,Barnett 2010
2010,Barnett,50,1.15,Barnett 2010
2010,Barnett,51,1.1,Barnett 2010
2010,Barnett,52,1.06,Barnett 2010
2010,Barnett,53,1.01,Barnett 2010
2010,Barnett,54,0.96,Barnett 2010
2010,Barnett,55,0.92,Barnett 2010
2010,Barnett,56,0.87,Barnett 2010
2010,Barnett,57,0.82,Barnett 2010
2010,Barnett,58,0.78,Barnett 2010
2010,Barnett,59,0.73,Barnett 2010
2010,Barnett,60,0.68,Barnett 2010
2010,Barnett,61,0.64,Barnett 2010
2010,Barnett,62,0.59,Barnett 2010
2010,Barnett,63,0.54,Barnett 2010
2010,Barnett,64,0.5,Barnett 2010
2010,Barnett,65,0.45,Barnett 2010
2010,Barnett,66,0.4,Barnett 2010
2010,Barnett,67,0.36,Barnett 2010
2010,Barnett,68,0.31,Barnett 2010
2010,Barnett,69,0.26,Barnett 2010
2010,Barnett,70,0.22,Barnett 2010
2010,Barnett,71,0.17,Barnett 2010
2010,Barnett,72,0.12,Barnett 2010
2010,Barnett,73,0.08,Barnett 2010
2010,Barnett,74,0.03,Barnett 2010
2010,Old Orchard,0,4.65,Old Orchard 2010
2010,Old Orchard,1,4.49,Old Orchard 2010
2010,Old Orchard,2,4.34,Old Orchard 2010
2010,Old Orchard,3,4.18,Old Orchard 2010
2010,Old Orchard,4,4.03,Old Orchard 2010
2010,Old Orchard,5,3.87,Old Orchard 2010
2010,Old Orchard,6,3.71,Old Orchard 2010
2010,Old Orchard,7,3.56,Old Orchard 2010
2010,Old Orchard,8,3.4,Old Orchard 2010
2010,Old Orchard,9,3.33,Old Orchard 2010
2010,Old Orchard,10,3.26,Old Orchard 2010
2010,Old Orchard,11,3.18,Old Orchard 2010
2010,Old Orchard,12,3.11,Old Orchard 2010
2010,Old Orchard,13,3.04,Old Orchard 2010
2010,Old Orchard,14,2.97,Old Orchard 2010
2010,Old Orchard,15,2.89,Old Orchard 2010
2010,Old Orchard,16,2.82,Old Orchard 2010
2010,Old Orchard,17,2.75,Old Orchard 2010
2010,Old Orchard,18,2.68,Old Orchard 2010
2010,Old Orchard,19,2.6,Old Orchard 2010
2010,Old Orchard,20,2.53,Old Orchard 2010
2010,Old Orchard,21,2.46,Old Orchard 2010
2010,Old Orchard,22,2.39,Old Orchard 2010
2010,Old Orchard,23,2.31,Old Orchard 2010
2010,Old Orchard,24,2.24,Old Orchard 2010
2010,Old Orchard,25,2.15,Old Orchard 2010
2010,Old Orchard,26,2.07,Old Orchard 2010
2010,Old Orchard,27,1.98,Old Orchard 2010
2010,Old Orchard,28,1.89,Old Orchard 2010
2010,Old Orchard,29,1.8,Old Orchard 2010
2010,Old Orchard,30,1.72,Old Orchard 2010
2010,Old Orchard,31,1.63,Old Orchard 2010
2010,Old Orchard,32,1.54,Old Orchard 2010
2010,Old Orchard,33,1.46,Old Orchard 2010
2010,Old Orchard,34,1.37,Old Orchard 2010
2010,Old Orchard,35,1.28,Old Orchard 2010
2010,Old Orchard,36,1.2,Old Orchard 2010
2010,Old Orchard,37,1.11,Old Orchard 2010
2010,Old Orchard,38,1.02,Old Orchard 2010
2010,Old Orchard,39,0.94,Old Orchard 2010
2010,Old Orchard,40,0.85,Old Orchard 2010
2010,Old Orchard,41,0.76,Old Orchard 2010
2010,Old Orchard,42,0.67,Old Orchard 2010
2010,Old Orchard,43,0.59,Old Orchard 2010
2010,Old Orchard,44,0.5,Old Orchard 2010
2010,Old Orchard,45,0.41,Old Orchard 2010
2010,Old Orchard,46,0.33,Old Orchard 2010
2010,Old Orchard,47,0.24,Old Orchard 2010
2010,Old Orchard,48,0.15,Old Orchard 2010
2010,Old Orchard,49,0.07,Old Orchard 2010
2010,Reed Point,0,4.05,Reed Point 2010
2010,Reed Point,1,3.84,Reed Point 2010
2010,Reed Point,2,3.63,Reed Point 2010
2010,Reed Point,3,3.49,Reed Point 2010
2010,Reed Point,4,3.35,Reed Point 2010
2010,Reed Point,5,3.21,Reed Point 2010
2010,Reed Point,6,3.07,Reed Point 2010
2010,Reed Point,7,2.93,Reed Point 2010
2010,Reed Point,8,2.79,Reed Point 2010
2010,Reed Point,9,2.65,Reed Point 2010
2010,Reed Point,10,2.51,Reed Point 2010
2010,Reed Point,11,2.37,Reed Point 2010
2010,Reed Point,12,2.23,Reed Point 2010
2010,Reed Point,13,2.1,Reed Point 2010
2010,Reed Point,14,1.96,Reed Point 2010
2010,Reed Point,15,1.82,Reed Point 2010
2010,Reed Point,16,1.68,Reed Point 2010
2010,Reed Point,17,1.54,Reed Point 2010
2010,Reed Point,18,1.4,Reed Point 2010
2010,Reed Point,19,1.26,Reed Point 2010
2010,Reed Point,20,1.12,Reed Point 2010
2010,Reed Point,21,0.98,Reed Point 2010
2010,Reed Point,22,0.84,Reed Point 2010
2010,Reed Point,23,0.71,Reed Point 2010
2010,Reed Point,24,0.57,Reed Point 2010
2010,Reed Point,25,0.43,Reed Point 2010
2010,Reed Point,26,0.29,Reed Point 2010
2010,Reed Point,27,0.15,Reed Point 2010
2010,Reed Point,28,0.01,Reed Point 2010
2010,Slaughterhouse,0,3.54,Slaughterhouse 2010
2010,Slaughterhouse,1,3.45,Slaughterhouse 2010
2010,Slaughterhouse,2,3.35,Slaughterhouse 2010
2010,Slaughterhouse,3,3.26,Slaughterhouse 2010
2010,Slaughterhouse,4,3.16,Slaughterhouse 2010
2010,Slaughterhouse,5,3.07,Slaughterhouse 2010
2010,Slaughterhouse,6,2.97,Slaughterhouse 2010
2010,Slaughterhouse,7,2.88,Slaughterhouse 2010
2010,Slaughterhouse,8,2.78,Slaughterhouse 2010
2010,Slaughterhouse,9,2.69,Slaughterhouse 2010
2010,Slaughterhouse,10,2.59,Slaughterhouse 2010
2010,Slaughterhouse,11,2.5,Slaughterhouse 2010
2010,Slaughterhouse,12,2.48,Slaughterhouse 2010
2010,Slaughterhouse,13,2.47,Slaughterhouse 2010
2010,Slaughterhouse,14,2.45,Slaughterhouse 2010
2010,Slaughterhouse,15,2.43,Slaughterhouse 2010
2010,Slaughterhouse,16,2.41,Slaughterhouse 2010
2010,Slaughterhouse,17,2.4,Slaughterhouse 2010
2010,Slaughterhouse,18,2.38,Slaughterhouse 2010
2010,Slaughterhouse,19,2.36,Slaughterhouse 2010
2010,Slaughterhouse,20,2.34,Slaughterhouse 2010
2010,Slaughterhouse,21,2.33,Slaughterhouse 2010
2010,Slaughterhouse,22,2.31,Slaughterhouse 2010
2010,Slaughterhouse,23,2.29,Slaughterhouse 2010
2010,Slaughterhouse,24,2.27,Slaughterhouse 2010
2010,Slaughterhouse,25,2.26,Slaughterhouse 2010
2010,Slaughterhouse,26,2.24,Slaughterhouse 2010
2010,Slaughterhouse,27,2.22,Slaughterhouse 2010
2010,Slaughterhouse,28,2.2,Slaughterhouse 2010
2010,Slaughterhouse,29,2.19,Slaughterhouse 2010
2010,Slaughterhouse,30,2.17,Slaughterhouse 2010
2010,Slaughterhouse,31,2.15,Slaughterhouse 2010
2010,Slaughterhouse,32,2.13,Slaughterhouse 2010
2010,Slaughterhouse,33,2.12,Slaughterhouse 2010
2010,Slaughterhouse,34,2.1,Slaughterhouse 2010
2010,Slaughterhouse,35,2.08,Slaughterhouse 2010
2010,Slaughterhouse,36,2.06,Slaughterhouse 2010
2010,Slaughterhouse,37,2.05,Slaughterhouse 2010
2010,Slaughterhouse,38,2.05,Slaughterhouse 2010
2010,Slaughterhouse,39,2.05,Slaughterhouse 2010
2010,Slaughterhouse,40,2.05,Slaughterhouse 2010
2010,Slaughterhouse,41,2.05,Slaughterhouse 2010
2010,Slaughterhouse,42,2.04,Slaughterhouse 2010
2010,Slaughterhouse,43,2.04,Slaughterhouse 2010
2010,Slaughterhouse,44,2.04,Slaughterhouse 2010
2010,Slaughterhouse,45,2.04,Slaughterhouse 2010
2010,Slaughterhouse,46,2.04,Slaughterhouse 2010
2010,Slaughterhouse,47,2.04,Slaughterhouse 2010
2010,Slaughterhouse,48,2.04,Slaughterhouse 2010
2010,Slaughterhouse,49,2.04,Slaughterhouse 2010
2010,Slaughterhouse,50,2.04,Slaughterhouse 2010
2010,Slaughterhouse,51,2.04,Slaughterhouse 2010
2010,Slaughterhouse,52,2.04,Slaughterhouse 2010
2010,Slaughterhouse,53,2.04,Slaughterhouse 2010
2010,Slaughterhouse,54,2.04,Slaughterhouse 2010
2010,Slaughterhouse,55,2,Slaughterhouse 2010
2010,Slaughterhouse,56,1.97,Slaughterhouse 2010
2010,Slaughterhouse,57,1.93,Slaughterhouse 2010
2010,Slaughterhouse,58,1.9,Slaughterhouse 2010
2010,Slaughterhouse,59,1.86,Slaughterhouse 2010
2010,Slaughterhouse,60,1.83,Slaughterhouse 2010
2010,Slaughterhouse,61,1.79,Slaughterhouse 2010
2010,Slaughterhouse,62,1.76,Slaughterhouse 2010
2010,Slaughterhouse,63,1.73,Slaughterhouse 2010
2010,Slaughterhouse,64,1.69,Slaughterhouse 2010
2010,Slaughterhouse,65,1.66,Slaughterhouse 2010
2010,Slaughterhouse,66,1.62,Slaughterhouse 2010
2010,Slaughterhouse,67,1.59,Slaughterhouse 2010
2010,Slaughterhouse,68,1.55,Slaughterhouse 2010
2010,Slaughterhouse,69,1.52,Slaughterhouse 2010
2010,Slaughterhouse,70,1.48,Slaughterhouse 2010
2010,Slaughterhouse,71,1.45,Slaughterhouse 2010
2010,Slaughterhouse,72,1.41,Slaughterhouse 2010
2010,Slaughterhouse,73,1.38,Slaughterhouse 2010
2010,Slaughterhouse,74,1.34,Slaughterhouse 2010
2010,Slaughterhouse,75,1.31,Slaughterhouse 2010
2010,Slaughterhouse,76,1.27,Slaughterhouse 2010
2010,Slaughterhouse,77,1.24,Slaughterhouse 2010
2010,Slaughterhouse,78,1.24,Slaughterhouse 2010
2010,Slaughterhouse,79,1.24,Slaughterhouse 2010
2010,Slaughterhouse,80,1.24,Slaughterhouse 2010
2010,Slaughterhouse,81,1.24,Slaughterhouse 2010
2010,Slaughterhouse,82,1.23,Slaughterhouse 2010
2010,Slaughterhouse,83,1.22,Slaughterhouse 2010
2010,Slaughterhouse,84,1.22,Slaughterhouse 2010
2010,Slaughterhouse,85,1.21,Slaughterhouse 2010
2010,Slaughterhouse,86,1.2,Slaughterhouse 2010
2010,Slaughterhouse,87,1.2,Slaughterhouse 2010
2010,Slaughterhouse,88,1.19,Slaughterhouse 2010
2010,Slaughterhouse,89,1.18,Slaughterhouse 2010
2010,Slaughterhouse,90,1.18,Slaughterhouse 2010
2010,Slaughterhouse,91,1.17,Slaughterhouse 2010
2010,Slaughterhouse,92,1.16,Slaughterhouse 2010
2010,Slaughterhouse,93,1.15,Slaughterhouse 2010
2010,Slaughterhouse,94,1.15,Slaughterhouse 2010
2010,Slaughterhouse,95,1.14,Slaughterhouse 2010
2010,Slaughterhouse,96,1.13,Slaughterhouse 2010
2010,Slaughterhouse,97,1.13,Slaughterhouse 2010
2010,Slaughterhouse,98,1.12,Slaughterhouse 2010
2010,Slaughterhouse,99,1.11,Slaughterhouse 2010
2010,Slaughterhouse,100,1.11,Slaughterhouse 2010
2010,Slaughterhouse,101,1.1,Slaughterhouse 2010
2010,Slaughterhouse,102,1.09,Slaughterhouse 2010
2010,Slaughterhouse,103,1.09,Slaughterhouse 2010
2010,Slaughterhouse,104,1.08,Slaughterhouse 2010
2010,Slaughterhouse,105,1.07,Slaughterhouse 2010
2010,Slaughterhouse,106,1.07,Slaughterhouse 2010
2010,Slaughterhouse,107,1.06,Slaughterhouse 2010
2010,Slaughterhouse,108,1.05,Slaughterhouse 2010
2010,Slaughterhouse,109,1.05,Slaughterhouse 2010
2010,Slaughterhouse,110,1.04,Slaughterhouse 2010
2010,Slaughterhouse,111,1.03,Slaughterhouse 2010
2010,Slaughterhouse,112,1.02,Slaughterhouse 2010
2010,Slaughterhouse,113,1.02,Slaughterhouse 2010
2010,Slaughterhouse,114,1.01,Slaughterhouse 2010
2010,Slaughterhouse,115,1,Slaughterhouse 2010
2010,Slaughterhouse,116,1,Slaughterhouse 2010
2010,Slaughterhouse,117,0.99,Slaughterhouse 2010
2010,Slaughterhouse,118,0.98,Slaughterhouse 2010
2010,Slaughterhouse,119,0.98,Slaughterhouse 2010
2010,Slaughterhouse,120,0.97,Slaughterhouse 2010
2010,Slaughterhouse,121,0.96,Slaughterhouse 2010
2010,Slaughterhouse,122,0.96,Slaughterhouse 2010
2010,Slaughterhouse,123,0.95,Slaughterhouse 2010
2010,Slaughterhouse,124,0.94,Slaughterhouse 2010
2010,Slaughterhouse,125,0.94,Slaughterhouse 2010
2010,Slaughterhouse,126,0.93,Slaughterhouse 2010
2010,Slaughterhouse,127,0.92,Slaughterhouse 2010
2010,Slaughterhouse,128,0.92,Slaughterhouse 2010
2010,Slaughterhouse,129,0.91,Slaughterhouse 2010
2010,Slaughterhouse,130,0.9,Slaughterhouse 2010
2010,Slaughterhouse,131,0.89,Slaughterhouse 2010
2010,Slaughterhouse,132,0.89,Slaughterhouse 2010
2010,Slaughterhouse,133,0.88,Slaughterhouse 2010
2010,Slaughterhouse,134,0.87,Slaughterhouse 2010
2010,Slaughterhouse,135,0.87,Slaughterhouse 2010
2010,Slaughterhouse,136,0.86,Slaughterhouse 2010
2010,Slaughterhouse,137,0.85,Slaughterhouse 2010
2010,Slaughterhouse,138,0.85,Slaughterhouse 2010
2010,Slaughterhouse,139,0.84,Slaughterhouse 2010
2010,Slaughterhouse,140,0.83,Slaughterhouse 2010
2010,Slaughterhouse,141,0.83,Slaughterhouse 2010
2010,Slaughterhouse,142,0.82,Slaughterhouse 2010
2010,Slaughterhouse,143,0.81,Slaughterhouse 2010
2010,Slaughterhouse,144,0.81,Slaughterhouse 2010
2010,Slaughterhouse,145,0.8,Slaughterhouse 2010
2010,Slaughterhouse,146,0.79,Slaughterhouse 2010
2010,Slaughterhouse,147,0.78,Slaughterhouse 2010
2010,Slaughterhouse,148,0.78,Slaughterhouse 2010
2010,Slaughterhouse,149,0.77,Slaughterhouse 2010
2010,Slaughterhouse,150,0.76,Slaughterhouse 2010
2010,Slaughterhouse,151,0.76,Slaughterhouse 2010
2010,Slaughterhouse,152,0.75,Slaughterhouse 2010
2010,Slaughterhouse,153,0.74,Slaughterhouse 2010
2010,Slaughterhouse,154,0.74,Slaughterhouse 2010
2010,Slaughterhouse,155,0.73,Slaughterhouse 2010
2010,Slaughterhouse,156,0.72,Slaughterhouse 2010
2010,Slaughterhouse,157,0.72,Slaughterhouse 2010
2010,Slaughterhouse,158,0.71,Slaughterhouse 2010
2010,Slaughterhouse,159,0.7,Slaughterhouse 2010
2010,Slaughterhouse,160,0.7,Slaughterhouse 2010
2010,Slaughterhouse,161,0.69,Slaughterhouse 2010
2010,Slaughterhouse,162,0.68,Slaughterhouse 2010
2010,Slaughterhouse,163,0.68,Slaughterhouse 2010
2010,Slaughterhouse,164,0.67,Slaughterhouse 2010
2010,Slaughterhouse,165,0.66,Slaughterhouse 2010
2010,Slaughterhouse,166,0.65,Slaughterhouse 2010
2010,Slaughterhouse,167,0.65,Slaughterhouse 2010
2010,Slaughterhouse,168,0.64,Slaughterhouse 2010
2010,Slaughterhouse,169,0.63,Slaughterhouse 2010
2010,Slaughterhouse,170,0.63,Slaughterhouse 2010
2010,Slaughterhouse,171,0.62,Slaughterhouse 2010
2010,Slaughterhouse,172,0.61,Slaughterhouse 2010
2010,Slaughterhouse,173,0.61,Slaughterhouse 2010
2010,Slaughterhouse,174,0.6,Slaughterhouse 2010
2010,Slaughterhouse,175,0.59,Slaughterhouse 2010
2010,Slaughterhouse,176,0.59,Slaughterhouse 2010
2010,Slaughterhouse,177,0.58,Slaughterhouse 2010
2010,Slaughterhouse,178,0.57,Slaughterhouse 2010
2010,Slaughterhouse,179,0.57,Slaughterhouse 2010
2010,Slaughterhouse,180,0.56,Slaughterhouse 2010
2010,Slaughterhouse,181,0.55,Slaughterhouse 2010
2010,Slaughterhouse,182,0.55,Slaughterhouse 2010
2010,Slaughterhouse,183,0.54,Slaughterhouse 2010
2010,Slaughterhouse,184,0.53,Slaughterhouse 2010
2010,Slaughterhouse,185,0.52,Slaughterhouse 2010
2010,Slaughterhouse,186,0.52,Slaughterhouse 2010
2010,Slaughterhouse,187,0.51,Slaughterhouse 2010
2010,Slaughterhouse,188,0.5,Slaughterhouse 2010
2010,Slaughterhouse,189,0.5,Slaughterhouse 2010
2010,Slaughterhouse,190,0.49,Slaughterhouse 2010
2010,Slaughterhouse,191,0.48,Slaughterhouse 2010
2010,Slaughterhouse,192,0.48,Slaughterhouse 2010
2010,Slaughterhouse,193,0.47,Slaughterhouse 2010
2010,Slaughterhouse,194,0.46,Slaughterhouse 2010
2010,Slaughterhouse,195,0.46,Slaughterhouse 2010
2010,Slaughterhouse,196,0.45,Slaughterhouse 2010
2010,Slaughterhouse,197,0.44,Slaughterhouse 2010
2010,Slaughterhouse,198,0.44,Slaughterhouse 2010
2010,Slaughterhouse,199,0.43,Slaughterhouse 2010
2010,Slaughterhouse,200,0.42,Slaughterhouse 2010
2010,Slaughterhouse,201,0.41,Slaughterhouse 2010
2010,Slaughterhouse,202,0.41,Slaughterhouse 2010
2010,Slaughterhouse,203,0.4,Slaughterhouse 2010
2010,Slaughterhouse,204,0.39,Slaughterhouse 2010
2010,Slaughterhouse,205,0.39,Slaughterhouse 2010
2010,Slaughterhouse,206,0.38,Slaughterhouse 2010
2010,Slaughterhouse,207,0.37,Slaughterhouse 2010
2010,Slaughterhouse,208,0.37,Slaughterhouse 2010
2010,Slaughterhouse,209,0.36,Slaughterhouse 2010
2010,Slaughterhouse,210,0.35,Slaughterhouse 2010
2010,Slaughterhouse,211,0.35,Slaughterhouse 2010
2010,Slaughterhouse,212,0.34,Slaughterhouse 2010
2010,Slaughterhouse,213,0.33,Slaughterhouse 2010
2010,Slaughterhouse,214,0.33,Slaughterhouse 2010
2010,Slaughterhouse,215,0.32,Slaughterhouse 2010
2010,Slaughterhouse,216,0.31,Slaughterhouse 2010
2010,Slaughterhouse,217,0.31,Slaughterhouse 2010
2010,Slaughterhouse,218,0.3,Slaughterhouse 2010
2010,Slaughterhouse,219,0.29,Slaughterhouse 2010
2010,Slaughterhouse,220,0.28,Slaughterhouse 2010
2010,Slaughterhouse,221,0.28,Slaughterhouse 2010
2010,Slaughterhouse,222,0.27,Slaughterhouse 2010
2010,Slaughterhouse,223,0.26,Slaughterhouse 2010
2010,Slaughterhouse,224,0.26,Slaughterhouse 2010
2010,Slaughterhouse,225,0.25,Slaughterhouse 2010
2010,Slaughterhouse,226,0.24,Slaughterhouse 2010
2010,Slaughterhouse,227,0.24,Slaughterhouse 2010
2010,Slaughterhouse,228,0.23,Slaughterhouse 2010
2010,Slaughterhouse,229,0.22,Slaughterhouse 2010
2010,Slaughterhouse,230,0.22,Slaughterhouse 2010
2010,Slaughterhouse,231,0.21,Slaughterhouse 2010
2010,Slaughterhouse,232,0.2,Slaughterhouse 2010
2010,Slaughterhouse,233,0.2,Slaughterhouse 2010
2010,Slaughterhouse,234,0.19,Slaughterhouse 2010
2010,Slaughterhouse,235,0.18,Slaughterhouse 2010
2010,Slaughterhouse,236,0.18,Slaughterhouse 2010
2010,Slaughterhouse,237,0.17,Slaughterhouse 2010
2010,Slaughterhouse,238,0.16,Slaughterhouse 2010
2010,Slaughterhouse,239,0.15,Slaughterhouse 2010
2010,Slaughterhouse,240,0.15,Slaughterhouse 2010
2010,Slaughterhouse,241,0.14,Slaughterhouse 2010
2010,Slaughterhouse,242,0.13,Slaughterhouse 2010
2010,Slaughterhouse,243,0.13,Slaughterhouse 2010
2010,Slaughterhouse,244,0.12,Slaughterhouse 2010
2010,Slaughterhouse,245,0.11,Slaughterhouse 2010
2010,Slaughterhouse,246,0.11,Slaughterhouse 2010
2010,Slaughterhouse,247,0.1,Slaughterhouse 2010
2010,Slaughterhouse,248,0.09,Slaughterhouse 2010
2010,Slaughterhouse,249,0.09,Slaughterhouse 2010
2010,Slaughterhouse,250,0.08,Slaughterhouse 2010
2010,Slaughterhouse,251,0.07,Slaughterhouse 2010
2010,Slaughterhouse,252,0.07,Slaughterhouse 2010
2010,Slaughterhouse,253,0.06,Slaughterhouse 2010
2010,Slaughterhouse,254,0.05,Slaughterhouse 2010
2010,Slaughterhouse,255,0.05,Slaughterhouse 2010
2010,Slaughterhouse,256,0.04,Slaughterhouse 2010
2010,Slaughterhouse,257,0.03,Slaughterhouse 2010
2010,Slaughterhouse,258,0.02,Slaughterhouse 2010
2010,Slaughterhouse,259,0.02,Slaughterhouse 2010
2010,Slaughterhouse,260,0.01,Slaughterhouse 2010
2010,Slaughterhouse,261,0,Slaughterhouse 2010
2010,Dockrill,0,6.98,Dockrill 2010
2010,Dockrill,1,6.81,Dockrill 2010
2010,Dockrill,2,6.64,Dockrill 2010
2010,Dockrill,3,6.47,Dockrill 2010
2010,Dockrill,4,6.31,Dockrill 2010
2010,Dockrill,5,6.14,Dockrill 2010
2010,Dockrill,6,5.97,Dockrill 2010
2010,Dockrill,7,5.8,Dockrill 2010
2010,Dockrill,8,5.71,Dockrill 2010
2010,Dockrill,9,5.62,Dockrill 2010
2010,Dockrill,10,5.53,Dockrill 2010
2010,Dockrill,11,5.44,Dockrill 2010
2010,Dockrill,12,5.36,Dockrill 2010
2010,Dockrill,13,5.27,Dockrill 2010
2010,Dockrill,14,5.18,Dockrill 2010
2010,Dockrill,15,5.09,Dockrill 2010
2010,Dockrill,16,5.01,Dockrill 2010
2010,Dockrill,17,4.92,Dockrill 2010
2010,Dockrill,18,4.83,Dockrill 2010
2010,Dockrill,19,4.75,Dockrill 2010
2010,Dockrill,20,4.66,Dockrill 2010
2010,Dockrill,21,4.57,Dockrill 2010
2010,Dockrill,22,4.48,Dockrill 2010
2010,Dockrill,23,4.4,Dockrill 2010
2010,Dockrill,24,4.31,Dockrill 2010
2010,Dockrill,25,4.22,Dockrill 2010
2010,Dockrill,26,4.14,Dockrill 2010
2010,Dockrill,27,4.05,Dockrill 2010
2010,Dockrill,28,3.96,Dockrill 2010
2010,Dockrill,29,3.87,Dockrill 2010
2010,Dockrill,30,3.79,Dockrill 2010
2010,Dockrill,31,3.7,Dockrill 2010
2010,Dockrill,32,3.61,Dockrill 2010
2010,Dockrill,33,3.53,Dockrill 2010
2010,Dockrill,34,3.44,Dockrill 2010
2010,Dockrill,35,3.35,Dockrill 2010
2010,Dockrill,36,3.26,Dockrill 2010
2010,Dockrill,37,3.18,Dockrill 2010
2010,Dockrill,38,3.09,Dockrill 2010
2010,Dockrill,39,3.07,Dockrill 2010
2010,Dockrill,40,3.06,Dockrill 2010
2010,Dockrill,41,3.04,Dockrill 2010
2010,Dockrill,42,3.02,Dockrill 2010
2010,Dockrill,43,3,Dockrill 2010
2010,Dockrill,44,2.99,Dockrill 2010
2010,Dockrill,45,2.97,Dockrill 2010
2010,Dockrill,46,2.95,Dockrill 2010
2010,Dockrill,47,2.93,Dockrill 2010
2010,Dockrill,48,2.92,Dockrill 2010
2010,Dockrill,49,2.9,Dockrill 2010
2010,Dockrill,50,2.88,Dockrill 2010
2010,Dockrill,51,2.86,Dockrill 2010
2010,Dockrill,52,2.85,Dockrill 2010
2010,Dockrill,53,2.83,Dockrill 2010
2010,Dockrill,54,2.81,Dockrill 2010
2010,Dockrill,55,2.8,Dockrill 2010
2010,Dockrill,56,2.78,Dockrill 2010
2010,Dockrill,57,2.76,Dockrill 2010
2010,Dockrill,58,2.74,Dockrill 2010
2010,Dockrill,59,2.73,Dockrill 2010
2010,Dockrill,60,2.71,Dockrill 2010
2010,Dockrill,61,2.69,Dockrill 2010
2010,Dockrill,62,2.67,Dockrill 2010
2010,Dockrill,63,2.66,Dockrill 2010
2010,Dockrill,64,2.64,Dockrill 2010
2010,Dockrill,65,2.62,Dockrill 2010
2010,Dockrill,66,2.6,Dockrill 2010
2010,Dockrill,67,2.59,Dockrill 2010
2010,Dockrill,68,2.57,Dockrill 2010
2010,Dockrill,69,2.55,Dockrill 2010
2010,Dockrill,70,2.54,Dockrill 2010
2010,Dockrill,71,2.52,Dockrill 2010
2010,Dockrill,72,2.5,Dockrill 2010
2010,Dockrill,73,2.48,Dockrill 2010
2010,Dockrill,74,2.47,Dockrill 2010
2010,Dockrill,75,2.45,Dockrill 2010
2010,Dockrill,76,2.43,Dockrill 2010
2010,Dockrill,77,2.42,Dockrill 2010
2010,Dockrill,78,2.4,Dockrill 2010
2010,Dockrill,79,2.38,Dockrill 2010
2010,Dockrill,80,2.36,Dockrill 2010
2010,Dockrill,81,2.35,Dockrill 2010
2010,Dockrill,82,2.33,Dockrill 2010
2010,Dockrill,83,2.31,Dockrill 2010
2010,Dockrill,84,2.3,Dockrill 2010
2010,Dockrill,85,2.28,Dockrill 2010
2010,Dockrill,86,2.26,Dockrill 2010
2010,Dockrill,87,2.24,Dockrill 2010
2010,Dockrill,88,2.23,Dockrill 2010
2010,Dockrill,89,2.21,Dockrill 2010
2010,Dockrill,90,2.18,Dockrill 2010
2010,Dockrill,91,2.16,Dockrill 2010
2010,Dockrill,92,2.14,Dockrill 2010
2010,Dockrill,93,2.11,Dockrill 2010
2010,Dockrill,94,2.09,Dockrill 2010
2010,Dockrill,95,2.06,Dockrill 2010
2010,Dockrill,96,2.04,Dockrill 2010
2010,Dockrill,97,2.01,Dockrill 2010
2010,Dockrill,98,1.99,Dockrill 2010
2010,Dockrill,99,1.96,Dockrill 2010
2010,Dockrill,100,1.94,Dockrill 2010
2010,Dockrill,101,1.92,Dockrill 2010
2010,Dockrill,102,1.9,Dockrill 2010
2010,Dockrill,103,1.89,Dockrill 2010
2010,Dockrill,104,1.87,Dockrill 2010
2010,Dockrill,105,1.85,Dockrill 2010
2010,Dockrill,106,1.83,Dockrill 2010
2010,Dockrill,107,1.81,Dockrill 2010
2010,Dockrill,108,1.79,Dockrill 2010
2010,Dockrill,109,1.77,Dockrill 2010
2010,Dockrill,110,1.76,Dockrill 2010
2010,Dockrill,111,1.74,Dockrill 2010
2010,Dockrill,112,1.72,Dockrill 2010
2010,Dockrill,113,1.7,Dockrill 2010
2010,Dockrill,114,1.68,Dockrill 2010
2010,Dockrill,115,1.66,Dockrill 2010
2010,Dockrill,116,1.64,Dockrill 2010
2010,Dockrill,117,1.63,Dockrill 2010
2010,Dockrill,118,1.61,Dockrill 2010
2010,Dockrill,119,1.59,Dockrill 2010
2010,Dockrill,120,1.57,Dockrill 2010
2010,Dockrill,121,1.55,Dockrill 2010
2010,Dockrill,122,1.53,Dockrill 2010
2010,Dockrill,123,1.52,Dockrill 2010
2010,Dockrill,124,1.5,Dockrill 2010
2010,Dockrill,125,1.48,Dockrill 2010
2010,Dockrill,126,1.46,Dockrill 2010
2010,Dockrill,127,1.44,Dockrill 2010
2010,Dockrill,128,1.42,Dockrill 2010
2010,Dockrill,129,1.4,Dockrill 2010
2010,Dockrill,130,1.39,Dockrill 2010
2010,Dockrill,131,1.37,Dockrill 2010
2010,Dockrill,132,1.35,Dockrill 2010
2010,Dockrill,133,1.33,Dockrill 2010
2010,Dockrill,134,1.31,Dockrill 2010
2010,Dockrill,135,1.29,Dockrill 2010
2010,Dockrill,136,1.27,Dockrill 2010
2010,Dockrill,137,1.26,Dockrill 2010
2010,Dockrill,138,1.24,Dockrill 2010
2010,Dockrill,139,1.22,Dockrill 2010
2010,Dockrill,140,1.2,Dockrill 2010
2010,Dockrill,141,1.18,Dockrill 2010
2010,Dockrill,142,1.16,Dockrill 2010
2010,Dockrill,143,1.14,Dockrill 2010
2010,Dockrill,144,1.13,Dockrill 2010
2010,Dockrill,145,1.11,Dockrill 2010
2010,Dockrill,146,1.09,Dockrill 2010
2010,Dockrill,147,1.07,Dockrill 2010
2010,Dockrill,148,1.05,Dockrill 2010
2010,Dockrill,149,1.03,Dockrill 2010
2010,Dockrill,150,1.01,Dockrill 2010
2010,Dockrill,151,1,Dockrill 2010
2010,Dockrill,152,0.98,Dockrill 2010
2010,Dockrill,153,0.96,Dockrill 2010
2010,Dockrill,154,0.94,Dockrill 2010
2010,Dockrill,155,0.92,Dockrill 2010
2010,Dockrill,156,0.9,Dockrill 2010
2010,Dockrill,157,0.89,Dockrill 2010
2010,Dockrill,158,0.87,Dockrill 2010
2010,Dockrill,159,0.85,Dockrill 2010
2010,Dockrill,160,0.83,Dockrill 2010
2010,Dockrill,161,0.81,Dockrill 2010
2010,Dockrill,162,0.79,Dockrill 2010
2010,Dockrill,163,0.77,Dockrill 2010
2010,Dockrill,164,0.76,Dockrill 2010
2010,Dockrill,165,0.74,Dockrill 2010
2010,Dockrill,166,0.72,Dockrill 2010
2010,Dockrill,167,0.7,Dockrill 2010
2010,Dockrill,168,0.68,Dockrill 2010
2010,Dockrill,169,0.66,Dockrill 2010
2010,Dockrill,170,0.64,Dockrill 2010
2010,Dockrill,171,0.63,Dockrill 2010
2010,Dockrill,172,0.61,Dockrill 2010
2010,Dockrill,173,0.59,Dockrill 2010
2010,Dockrill,174,0.57,Dockrill 2010
2010,Dockrill,175,0.55,Dockrill 2010
2010,Dockrill,176,0.53,Dockrill 2010
2010,Dockrill,177,0.51,Dockrill 2010
2010,Dockrill,178,0.5,Dockrill 2010
2010,Dockrill,179,0.48,Dockrill 2010
2010,Dockrill,180,0.46,Dockrill 2010
2010,Dockrill,181,0.44,Dockrill 2010
2010,Dockrill,182,0.42,Dockrill 2010
2010,Dockrill,183,0.4,Dockrill 2010
2010,Dockrill,184,0.38,Dockrill 2010
2010,Dockrill,185,0.37,Dockrill 2010
2010,Dockrill,186,0.35,Dockrill 2010
2010,Dockrill,187,0.33,Dockrill 2010
2010,Dockrill,188,0.31,Dockrill 2010
2010,Dockrill,189,0.29,Dockrill 2010
2010,Dockrill,190,0.27,Dockrill 2010
2010,Dockrill,191,0.25,Dockrill 2010
2010,Dockrill,192,0.24,Dockrill 2010
2010,Dockrill,193,0.22,Dockrill 2010
2010,Dockrill,194,0.2,Dockrill 2010
2010,Dockrill,195,0.18,Dockrill 2010
2010,Dockrill,196,0.16,Dockrill 2010
2010,Dockrill,197,0.14,Dockrill 2010
2010,Dockrill,198,0.13,Dockrill 2010
2010,Dockrill,199,0.11,Dockrill 2010
2010,Dockrill,200,0.09,Dockrill 2010
2010,Dockrill,201,0.07,Dockrill 2010
2010,Dockrill,202,0.05,Dockrill 2010
2010,Dockrill,203,0.03,Dockrill 2010
2010,Dockrill,204,0.01,Dockrill 2010
2022,Reed Point,0,0,Reed Point 2022
2022,Reed Point,1,0.15,Reed Point 2022
2022,Reed Point,2,0.3,Reed Point 2022
2022,Reed Point,3,0.45,Reed Point 2022
2022,Reed Point,4,0.6,Reed Point 2022
2022,Reed Point,5,0.75,Reed Point 2022
2022,Reed Point,5.5,0.83,Reed Point 2022
2022,Reed Point,6.5,0.98,Reed Point 2022
2022,Reed Point,7.5,1.13,Reed Point 2022
2022,Reed Point,8.5,1.28,Reed Point 2022
2022,Reed Point,8.8,1.33,Reed Point 2022
2022,Reed Point,9.8,1.49,Reed Point 2022
2022,Reed Point,10.8,1.64,Reed Point 2022
2022,Reed Point,11.8,1.8,Reed Point 2022
2022,Reed Point,12.3,1.88,Reed Point 2022
2022,Reed Point,13.3,2.03,Reed Point 2022
2022,Reed Point,14.3,2.18,Reed Point 2022
2022,Reed Point,14.9,2.27,Reed Point 2022
2022,Reed Point,15.9,2.39,Reed Point 2022
2022,Reed Point,16.9,2.52,Reed Point 2022
2022,Reed Point,17.9,2.64,Reed Point 2022
2022,Reed Point,18,2.65,Reed Point 2022
2022,Reed Point,19,2.97,Reed Point 2022
2022,Reed Point,20,3.29,Reed Point 2022
2022,Reed Point,21,3.62,Reed Point 2022
2022,Dockrill,0,0,Dockrill 2022
2022,Dockrill,1,0.01,Dockrill 2022
2022,Dockrill,2,0.01,Dockrill 2022
2022,Dockrill,3,0.02,Dockrill 2022
2022,Dockrill,4,0.02,Dockrill 2022
2022,Dockrill,5,0.03,Dockrill 2022
2022,Dockrill,6,0.04,Dockrill 2022
2022,Dockrill,7,0.04,Dockrill 2022
2022,Dockrill,8,0.05,Dockrill 2022
2022,Dockrill,9,0.05,Dockrill 2022
2022,Dockrill,10,0.06,Dockrill 2022
2022,Dockrill,11,0.07,Dockrill 2022
2022,Dockrill,12,0.07,Dockrill 2022
2022,Dockrill,13,0.08,Dockrill 2022
2022,Dockrill,14,0.08,Dockrill 2022
2022,Dockrill,15,0.09,Dockrill 2022
2022,Dockrill,16,0.1,Dockrill 2022
2022,Dockrill,17,0.1,Dockrill 2022
2022,Dockrill,18,0.11,Dockrill 2022
2022,Dockrill,19,0.11,Dockrill 2022
2022,Dockrill,20,0.12,Dockrill 2022
2022,Dockrill,21,0.13,Dockrill 2022
2022,Dockrill,22,0.13,Dockrill 2022
2022,Dockrill,23,0.14,Dockrill 2022
2022,Dockrill,24,0.14,Dockrill 2022
2022,Dockrill,25,0.15,Dockrill 2022
2022,Dockrill,26,0.16,Dockrill 2022
2022,Dockrill,27,0.16,Dockrill 2022
2022,Dockrill,28,0.17,Dockrill 2022
2022,Dockrill,29,0.17,Dockrill 2022
2022,Dockrill,30,0.18,Dockrill 2022
2022,Dockrill,31,0.19,Dockrill 2022
2022,Dockrill,32,0.19,Dockrill 2022
2022,Dockrill,33,0.2,Dockrill 2022
2022,Dockrill,34,0.2,Dockrill 2022
2022,Dockrill,35,0.21,Dockrill 2022
2022,Dockrill,36,0.22,Dockrill 2022
2022,Dockrill,37,0.22,Dockrill 2022
2022,Dockrill,38,0.23,Dockrill 2022
2022,Dockrill,39,0.23,Dockrill 2022
2022,Dockrill,40,0.24,Dockrill 2022
2022,Dockrill,41,0.25,Dockrill 2022
2022,Dockrill,42,0.25,Dockrill 2022
2022,Dockrill,43,0.26,Dockrill 2022
2022,Dockrill,44,0.26,Dockrill 2022
2022,Dockrill,45,0.27,Dockrill 2022
2022,Dockrill,46,0.28,Dockrill 2022
2022,Dockrill,47,0.28,Dockrill 2022
2022,Dockrill,48,0.29,Dockrill 2022
2022,Dockrill,49,0.29,Dockrill 2022
2022,Dockrill,50,0.3,Dockrill 2022
2022,Dockrill,51,0.31,Dockrill 2022
2022,Dockrill,52,0.31,Dockrill 2022
2022,Dockrill,53,0.32,Dockrill 2022
2022,Dockrill,54,0.32,Dockrill 2022
2022,Dockrill,55,0.33,Dockrill 2022
2022,Dockrill,56,0.34,Dockrill 2022
2022,Dockrill,57,0.34,Dockrill 2022
2022,Dockrill,58,0.35,Dockrill 2022
2022,Dockrill,59,0.35,Dockrill 2022
2022,Dockrill,60,0.36,Dockrill 2022
2022,Dockrill,61,0.37,Dockrill 2022
2022,Dockrill,62,0.37,Dockrill 2022
2022,Dockrill,63,0.38,Dockrill 2022
2022,Dockrill,64,0.38,Dockrill 2022
2022,Dockrill,65,0.39,Dockrill 2022
2022,Dockrill,66,0.4,Dockrill 2022
2022,Dockrill,67,0.4,Dockrill 2022
2022,Dockrill,68,0.41,Dockrill 2022
2022,Dockrill,69,0.41,Dockrill 2022
2022,Dockrill,70,0.42,Dockrill 2022
2022,Dockrill,71,0.43,Dockrill 2022
2022,Dockrill,72,0.43,Dockrill 2022
2022,Dockrill,73,0.44,Dockrill 2022
2022,Dockrill,74,0.44,Dockrill 2022
2022,Dockrill,75,0.45,Dockrill 2022
2022,Dockrill,76,0.46,Dockrill 2022
2022,Dockrill,77,0.46,Dockrill 2022
2022,Dockrill,78,0.47,Dockrill 2022
2022,Dockrill,79,0.47,Dockrill 2022
2022,Dockrill,80,0.48,Dockrill 2022
2022,Dockrill,81,0.49,Dockrill 2022
2022,Dockrill,82,0.49,Dockrill 2022
2022,Dockrill,83,0.5,Dockrill 2022
2022,Dockrill,84,0.5,Dockrill 2022
2022,Dockrill,85,0.51,Dockrill 2022
2022,Dockrill,86,0.52,Dockrill 2022
2022,Dockrill,87,0.52,Dockrill 2022
2022,Dockrill,88,0.53,Dockrill 2022
2022,Dockrill,89,0.53,Dockrill 2022
2022,Dockrill,90,0.54,Dockrill 2022
2022,Dockrill,91,0.55,Dockrill 2022
2022,Dockrill,92,0.55,Dockrill 2022
2022,Dockrill,93,0.56,Dockrill 2022
2022,Dockrill,94,0.57,Dockrill 2022
2022,Dockrill,95,0.57,Dockrill 2022
2022,Dockrill,96,0.58,Dockrill 2022
2022,Dockrill,97,0.58,Dockrill 2022
2022,Dockrill,98,0.59,Dockrill 2022
2022,Dockrill,99,0.6,Dockrill 2022
2022,Dockrill,100,0.6,Dockrill 2022
2022,Dockrill,101,0.61,Dockrill 2022
2022,Dockrill,102,0.61,Dockrill 2022
2022,Dockrill,103,0.62,Dockrill 2022
2022,Dockrill,104,0.63,Dockrill 2022
2022,Dockrill,105,0.63,Dockrill 2022
2022,Dockrill,106,0.64,Dockrill 2022
2022,Dockrill,107,0.64,Dockrill 2022
2022,Dockrill,108,0.65,Dockrill 2022
2022,Dockrill,109,0.66,Dockrill 2022
2022,Dockrill,110,0.66,Dockrill 2022
2022,Dockrill,111,0.67,Dockrill 2022
2022,Dockrill,112,0.67,Dockrill 2022
2022,Dockrill,113,0.68,Dockrill 2022
2022,Dockrill,114,0.69,Dockrill 2022
2022,Dockrill,115,0.69,Dockrill 2022
2022,Dockrill,116,0.7,Dockrill 2022
2022,Dockrill,117,0.7,Dockrill 2022
2022,Dockrill,118,0.71,Dockrill 2022
2022,Dockrill,119,0.72,Dockrill 2022
2022,Dockrill,120,0.72,Dockrill 2022
2022,Dockrill,121,0.73,Dockrill 2022
2022,Dockrill,122,0.73,Dockrill 2022
2022,Dockrill,123,0.74,Dockrill 2022
2022,Dockrill,124,0.75,Dockrill 2022
2022,Dockrill,125,0.75,Dockrill 2022
2022,Dockrill,126,0.76,Dockrill 2022
2022,Dockrill,127,0.76,Dockrill 2022
2022,Dockrill,128,0.77,Dockrill 2022
2022,Dockrill,129,0.78,Dockrill 2022
2022,Dockrill,130,0.78,Dockrill 2022
2022,Dockrill,131,0.79,Dockrill 2022
2022,Dockrill,132,0.79,Dockrill 2022
2022,Dockrill,133,0.8,Dockrill 2022
2022,Dockrill,134,0.81,Dockrill 2022
2022,Dockrill,135,0.81,Dockrill 2022
2022,Dockrill,136,0.82,Dockrill 2022
2022,Dockrill,137,0.82,Dockrill 2022
2022,Dockrill,138,0.83,Dockrill 2022
2022,Dockrill,139,0.84,Dockrill 2022
2022,Dockrill,140,0.84,Dockrill 2022
2022,Dockrill,141,0.85,Dockrill 2022
2022,Dockrill,142,0.85,Dockrill 2022
2022,Dockrill,143,0.86,Dockrill 2022
2022,Dockrill,144,0.87,Dockrill 2022
2022,Dockrill,145,0.87,Dockrill 2022
2022,Dockrill,146,0.88,Dockrill 2022
2022,Dockrill,147,0.88,Dockrill 2022
2022,Dockrill,148,0.89,Dockrill 2022
2022,Dockrill,149,0.9,Dockrill 2022
2022,Dockrill,150,0.9,Dockrill 2022
2022,Dockrill,151,0.91,Dockrill 2022
2022,Dockrill,152,0.91,Dockrill 2022
2022,Dockrill,153,0.92,Dockrill 2022
2022,Dockrill,154,0.93,Dockrill 2022
2022,Dockrill,155,0.93,Dockrill 2022
2022,Dockrill,156,0.94,Dockrill 2022
2022,Dockrill,157,0.94,Dockrill 2022
2022,Dockrill,158,0.95,Dockrill 2022
2022,Dockrill,159,0.96,Dockrill 2022
2022,Dockrill,160,0.96,Dockrill 2022
2022,Dockrill,161,0.97,Dockrill 2022
2022,Dockrill,162,0.97,Dockrill 2022
2022,Dockrill,163,0.98,Dockrill 2022
2022,Dockrill,164,0.99,Dockrill 2022
2022,Dockrill,165,0.99,Dockrill 2022
2022,Dockrill,166,1,Dockrill 2022
2022,Dockrill,167,1,Dockrill 2022
2022,Dockrill,168,1.01,Dockrill 2022
2022,Dockrill,169,1.02,Dockrill 2022
2022,Dockrill,170,1.02,Dockrill 2022
2022,Dockrill,171,1.03,Dockrill 2022
2022,Dockrill,172,1.03,Dockrill 2022
2022,Dockrill,173,1.04,Dockrill 2022
2022,Dockrill,174,1.05,Dockrill 2022
2022,Dockrill,175,1.05,Dockrill 2022
2022,Dockrill,176,1.06,Dockrill 2022
2022,Dockrill,177,1.06,Dockrill 2022
2022,Dockrill,178,1.07,Dockrill 2022
2022,Dockrill,179,1.08,Dockrill 2022
2022,Dockrill,180,1.08,Dockrill 2022
2022,Dockrill,181,1.09,Dockrill 2022
2022,Dockrill,182,1.09,Dockrill 2022
2022,Dockrill,183,1.1,Dockrill 2022
2022,Dockrill,184,1.11,Dockrill 2022
2022,Dockrill,185,1.11,Dockrill 2022
2022,Dockrill,186,1.12,Dockrill 2022
2022,Dockrill,187,1.12,Dockrill 2022
2022,Dockrill,188,1.13,Dockrill 2022
2022,Dockrill,189,1.14,Dockrill 2022
2022,Dockrill,190,1.14,Dockrill 2022
2022,Dockrill,191,1.15,Dockrill 2022
2022,Dockrill,192,1.15,Dockrill 2022
2022,Dockrill,193,1.16,Dockrill 2022
2022,Dockrill,194,1.17,Dockrill 2022
2022,Dockrill,195,1.17,Dockrill 2022
2022,Dockrill,196,1.18,Dockrill 2022
2022,Dockrill,197,1.18,Dockrill 2022
2022,Dockrill,198,1.19,Dockrill 2022
2022,Dockrill,199,1.2,Dockrill 2022
2022,Dockrill,200,1.2,Dockrill 2022
2022,Dockrill,201,1.21,Dockrill 2022
2022,Dockrill,202,1.21,Dockrill 2022
2022,Dockrill,203,1.22,Dockrill 2022
2022,Dockrill,204,1.23,Dockrill 2022
2022,Dockrill,205,1.23,Dockrill 2022
2022,Dockrill,206,1.24,Dockrill 2022
2022,Dockrill,207,1.24,Dockrill 2022
2022,Dockrill,208,1.25,Dockrill 2022
2022,Dockrill,209,1.26,Dockrill 2022
2022,Dockrill,210,1.26,Dockrill 2022
2022,Dockrill,211,1.27,Dockrill 2022
2022,Dockrill,212,1.27,Dockrill 2022
2022,Dockrill,213,1.28,Dockrill 2022
2022,Dockrill,214,1.29,Dockrill 2022
2022,Dockrill,215,1.29,Dockrill 2022
2022,Dockrill,216,1.3,Dockrill 2022
2022,Dockrill,217,1.3,Dockrill 2022
2022,Dockrill,218,1.31,Dockrill 2022
2022,Dockrill,219,1.32,Dockrill 2022
2022,Dockrill,220,1.32,Dockrill 2022
2022,Dockrill,221,1.33,Dockrill 2022
2022,Dockrill,222,1.33,Dockrill 2022
2022,Dockrill,223,1.34,Dockrill 2022
2022,Dockrill,224,1.35,Dockrill 2022
2022,Dockrill,225,1.35,Dockrill 2022
2022,Dockrill,226,1.36,Dockrill 2022
2022,Dockrill,227,1.36,Dockrill 2022
2022,Dockrill,228,1.37,Dockrill 2022
2022,Dockrill,229,1.38,Dockrill 2022
2022,Dockrill,230,1.38,Dockrill 2022
2022,Dockrill,231,1.39,Dockrill 2022
2022,Dockrill,232,1.39,Dockrill 2022
2022,Dockrill,233,1.4,Dockrill 2022
2022,Dockrill,234,1.41,Dockrill 2022
2022,Dockrill,235,1.41,Dockrill 2022
2022,Dockrill,236,1.42,Dockrill 2022
2022,Dockrill,237,1.42,Dockrill 2022
2022,Dockrill,238,1.43,Dockrill 2022
2022,Dockrill,239,1.44,Dockrill 2022
2022,Dockrill,240,1.44,Dockrill 2022
2022,Dockrill,241,1.45,Dockrill 2022
2022,Dockrill,242,1.45,Dockrill 2022
2022,Dockrill,243,1.46,Dockrill 2022
2022,Dockrill,244,1.47,Dockrill 2022
2022,Dockrill,245,1.47,Dockrill 2022
2022,Dockrill,246,1.48,Dockrill 2022
2022,Dockrill,247,1.48,Dockrill 2022
2022,Dockrill,248,1.49,Dockrill 2022
2022,Dockrill,249,1.5,Dockrill 2022
2022,Dockrill,250,1.5,Dockrill 2022
2022,Dockrill,251,1.51,Dockrill 2022
2022,Dockrill,252,1.51,Dockrill 2022
2022,Dockrill,253,1.52,Dockrill 2022
2022,Dockrill,254,1.53,Dockrill 2022
2022,Dockrill,255,1.53,Dockrill 2022
2022,Dockrill,256,1.54,Dockrill 2022
2022,Dockrill,256.2,1.54,Dockrill 2022
2022,Dockrill,257.2,1.55,Dockrill 2022
2022,Dockrill,258.2,1.56,Dockrill 2022
2022,Dockrill,259.2,1.57,Dockrill 2022
2022,Dockrill,260.2,1.58,Dockrill 2022
2022,Dockrill,261.2,1.59,Dockrill 2022
2022,Dockrill,262.2,1.6,Dockrill 2022
2022,Dockrill,263.2,1.61,Dockrill 2022
2022,Dockrill,264.2,1.62,Dockrill 2022
2022,Dockrill,265.2,1.63,Dockrill 2022
2022,Dockrill,266.2,1.64,Dockrill 2022
2022,Dockrill,267.2,1.65,Dockrill 2022
2022,Dockrill,268.2,1.66,Dockrill 2022
2022,Dockrill,269.1,1.67,Dockrill 2022
2022,Dockrill,270.1,1.68,Dockrill 2022
2022,Dockrill,271.1,1.68,Dockrill 2022
2022,Dockrill,272.1,1.69,Dockrill 2022
2022,Dockrill,273.1,1.69,Dockrill 2022
2022,Dockrill,274.1,1.7,Dockrill 2022
2022,Dockrill,275.1,1.7,Dockrill 2022
2022,Dockrill,276.1,1.71,Dockrill 2022
2022,Dockrill,277.1,1.71,Dockrill 2022
2022,Dockrill,278.1,1.72,Dockrill 2022
2022,Dockrill,279.1,1.72,Dockrill 2022
2022,Dockrill,280.1,1.73,Dockrill 2022
2022,Dockrill,281.1,1.73,Dockrill 2022
2022,Dockrill,282.1,1.74,Dockrill 2022
2022,Dockrill,283.1,1.74,Dockrill 2022
2022,Dockrill,284.1,1.75,Dockrill 2022
2022,Dockrill,285.1,1.75,Dockrill 2022
2022,Dockrill,286.1,1.76,Dockrill 2022
2022,Dockrill,287.1,1.76,Dockrill 2022
2022,Dockrill,288.1,1.77,Dockrill 2022
2022,Dockrill,289.1,1.77,Dockrill 2022
2022,Dockrill,290.1,1.78,Dockrill 2022
2022,Dockrill,291.1,1.78,Dockrill 2022
2022,Dockrill,292.1,1.79,Dockrill 2022
2022,Dockrill,293.1,1.79,Dockrill 2022
2022,Dockrill,294.1,1.8,Dockrill 2022
2022,Dockrill,295.1,1.8,Dockrill 2022
2022,Dockrill,296.1,1.81,Dockrill 2022
2022,Dockrill,296.4,1.81,Dockrill 2022
2022,Dockrill,297.4,1.81,Dockrill 2022
2022,Dockrill,298.4,1.82,Dockrill 2022
2022,Dockrill,299.4,1.82,Dockrill 2022
2022,Dockrill,300.4,1.82,Dockrill 2022
2022,Dockrill,301.4,1.83,Dockrill 2022
2022,Dockrill,302.4,1.83,Dockrill 2022
2022,Dockrill,303.4,1.83,Dockrill 2022
2022,Dockrill,304.4,1.84,Dockrill 2022
2022,Dockrill,305.4,1.84,Dockrill 2022
2022,Dockrill,306.4,1.84,Dockrill 2022
2022,Dockrill,307.4,1.84,Dockrill 2022
2022,Dockrill,308.4,1.85,Dockrill 2022
2022,Dockrill,309.4,1.85,Dockrill 2022
2022,Dockrill,310.4,1.85,Dockrill 2022
2022,Dockrill,311.4,1.86,Dockrill 2022
2022,Dockrill,312.4,1.86,Dockrill 2022
2022,Dockrill,313.4,1.86,Dockrill 2022
2022,Dockrill,314.4,1.87,Dockrill 2022
2022,Dockrill,315.4,1.87,Dockrill 2022
2022,Dockrill,315.6,1.87,Dockrill 2022
2022,Dockrill,316.6,1.88,Dockrill 2022
2022,Dockrill,317.6,1.89,Dockrill 2022
2022,Dockrill,318.6,1.89,Dockrill 2022
2022,Dockrill,319.6,1.9,Dockrill 2022
2022,Dockrill,320.6,1.91,Dockrill 2022
2022,Dockrill,321.6,1.92,Dockrill 2022
2022,Dockrill,322.6,1.93,Dockrill 2022
2022,Dockrill,323.6,1.93,Dockrill 2022
2022,Dockrill,324.6,1.94,Dockrill 2022
2022,Dockrill,325.6,1.95,Dockrill 2022
2022,Dockrill,326.6,1.96,Dockrill 2022
2022,Dockrill,326.7,1.96,Dockrill 2022
2022,Dockrill,327.7,1.97,Dockrill 2022
2022,Dockrill,328.7,1.98,Dockrill 2022
2022,Dockrill,329.7,2,Dockrill 2022
2022,Dockrill,330.7,2.01,Dockrill 2022
2022,Dockrill,331.7,2.02,Dockrill 2022
2022,Dockrill,332.7,2.03,Dockrill 2022
2022,Dockrill,333.7,2.04,Dockrill 2022
2022,Dockrill,334.7,2.05,Dockrill 2022
2022,Dockrill,335.7,2.07,Dockrill 2022
2022,Dockrill,336.7,2.08,Dockrill 2022
2022,Dockrill,337.7,2.09,Dockrill 2022
2022,Dockrill,337.8,2.09,Dockrill 2022
2022,Dockrill,338.8,2.1,Dockrill 2022
2022,Dockrill,339.8,2.11,Dockrill 2022
2022,Dockrill,340.8,2.13,Dockrill 2022
2022,Dockrill,341.8,2.14,Dockrill 2022
2022,Dockrill,342.8,2.15,Dockrill 2022
2022,Dockrill,343.8,2.16,Dockrill 2022
2022,Dockrill,344.8,2.17,Dockrill 2022
2022,Dockrill,345.8,2.19,Dockrill 2022
2022,Dockrill,346.8,2.2,Dockrill 2022
2022,Dockrill,347.8,2.21,Dockrill 2022
2022,Dockrill,348.8,2.22,Dockrill 2022
2022,Dockrill,349.8,2.24,Dockrill 2022
2022,Dockrill,350.8,2.25,Dockrill 2022
2022,Dockrill,351,2.25,Dockrill 2022
2022,Dockrill,352,2.25,Dockrill 2022
2022,Dockrill,353,2.26,Dockrill 2022
2022,Dockrill,354,2.26,Dockrill 2022
2022,Dockrill,355,2.27,Dockrill 2022
2022,Dockrill,356,2.27,Dockrill 2022
2022,Dockrill,357,2.28,Dockrill 2022
2022,Dockrill,358,2.28,Dockrill 2022
2022,Dockrill,359,2.29,Dockrill 2022
2022,Dockrill,360,2.29,Dockrill 2022
2022,Dockrill,361,2.3,Dockrill 2022
2022,Dockrill,362,2.3,Dockrill 2022
2022,Dockrill,363,2.31,Dockrill 2022
2022,Dockrill,364,2.31,Dockrill 2022
2022,Dockrill,365,2.32,Dockrill 2022
2022,Dockrill,365.1,2.32,Dockrill 2022
2022,Dockrill,366.1,2.33,Dockrill 2022
2022,Dockrill,367.1,2.34,Dockrill 2022
2022,Dockrill,368.1,2.35,Dockrill 2022
2022,Dockrill,369.1,2.36,Dockrill 2022
2022,Dockrill,370.1,2.37,Dockrill 2022
2022,Dockrill,371.1,2.37,Dockrill 2022
2022,Dockrill,372.1,2.38,Dockrill 2022
2022,Dockrill,373.1,2.39,Dockrill 2022
2022,Dockrill,374.1,2.4,Dockrill 2022
2022,Dockrill,375.1,2.41,Dockrill 2022
2022,Dockrill,376.1,2.42,Dockrill 2022
2022,Dockrill,377.1,2.43,Dockrill 2022
2022,Dockrill,378.1,2.44,Dockrill 2022
2022,Dockrill,379.1,2.45,Dockrill 2022
2022,Dockrill,379.3,2.45,Dockrill 2022
2022,Dockrill,380.3,2.46,Dockrill 2022
2022,Dockrill,381.3,2.47,Dockrill 2022
2022,Dockrill,382.3,2.48,Dockrill 2022
2022,Dockrill,383.3,2.49,Dockrill 2022
2022,Dockrill,384.3,2.49,Dockrill 2022
2022,Dockrill,385.3,2.5,Dockrill 2022
2022,Dockrill,386.3,2.51,Dockrill 2022
2022,Dockrill,387.3,2.52,Dockrill 2022
2022,Dockrill,388.3,2.53,Dockrill 2022
2022,Dockrill,389.3,2.54,Dockrill 2022
2022,Dockrill,390.3,2.55,Dockrill 2022
2022,Dockrill,391.3,2.56,Dockrill 2022
2022,Dockrill,392.3,2.57,Dockrill 2022
2022,Dockrill,393.3,2.58,Dockrill 2022
2022,Dockrill,394.3,2.58,Dockrill 2022
2022,Dockrill,394.9,2.59,Dockrill 2022
2022,Dockrill,395.9,2.6,Dockrill 2022
2022,Dockrill,396.9,2.61,Dockrill 2022
2022,Dockrill,397.9,2.62,Dockrill 2022
2022,Dockrill,398.9,2.63,Dockrill 2022
2022,Dockrill,399.9,2.65,Dockrill 2022
2022,Dockrill,400.9,2.66,Dockrill 2022
2022,Dockrill,401.9,2.67,Dockrill 2022
2022,Dockrill,402.9,2.68,Dockrill 2022
2022,Dockrill,403.9,2.69,Dockrill 2022
2022,Dockrill,404.9,2.7,Dockrill 2022
2022,Dockrill,405.9,2.71,Dockrill 2022
2022,Dockrill,406.9,2.72,Dockrill 2022
2022,Dockrill,407.9,2.73,Dockrill 2022
2022,Dockrill,408.9,2.75,Dockrill 2022
2022,Dockrill,409.9,2.76,Dockrill 2022
2022,Dockrill,410.2,2.76,Dockrill 2022
2022,Dockrill,411.2,2.78,Dockrill 2022
2022,Dockrill,412.2,2.8,Dockrill 2022
2022,Dockrill,413.2,2.82,Dockrill 2022
2022,Dockrill,414.2,2.84,Dockrill 2022
2022,Dockrill,415.2,2.85,Dockrill 2022
2022,Dockrill,416.2,2.87,Dockrill 2022
2022,Dockrill,417.2,2.89,Dockrill 2022
2022,Dockrill,418.2,2.91,Dockrill 2022
2022,Dockrill,419.2,2.93,Dockrill 2022
2022,Dockrill,420.2,2.95,Dockrill 2022
2022,Dockrill,421.2,2.97,Dockrill 2022
2022,Dockrill,422.2,2.99,Dockrill 2022
2022,Dockrill,423.2,3.01,Dockrill 2022
2022,Dockrill,424.2,3.03,Dockrill 2022
2022,Dockrill,425.2,3.04,Dockrill 2022
2022,Dockrill,426,3.06,Dockrill 2022
2022,Dockrill,427,3.11,Dockrill 2022
2022,Dockrill,428,3.16,Dockrill 2022
2022,Dockrill,429,3.21,Dockrill 2022
2022,Dockrill,430,3.26,Dockrill 2022
2022,Dockrill,431,3.31,Dockrill 2022
2022,Dockrill,432,3.36,Dockrill 2022
2022,Dockrill,433,3.41,Dockrill 2022
2022,Dockrill,434,3.46,Dockrill 2022
2022,Dockrill,435,3.51,Dockrill 2022
2022,Dockrill,436,3.56,Dockrill 2022
2022,Dockrill,437,3.61,Dockrill 2022
2022,Dockrill,438,3.66,Dockrill 2022
2022,Dockrill,439,3.71,Dockrill 2022
2022,Dockrill,440,3.76,Dockrill 2022
2022,Dockrill,441,3.81,Dockrill 2022
2022,Dockrill,442,3.98,Dockrill 2022
2022,Dockrill,443,4.16,Dockrill 2022
2022,Dockrill,444,4.33,Dockrill 2022
2022,Dockrill,445,4.51,Dockrill 2022
2022,Slaughterhouse,0,0,Slaughterhouse 2022
2022,Slaughterhouse,1,0.01,Slaughterhouse 2022
2022,Slaughterhouse,2,0.01,Slaughterhouse 2022
2022,Slaughterhouse,3,0.02,Slaughterhouse 2022
2022,Slaughterhouse,4,0.03,Slaughterhouse 2022
2022,Slaughterhouse,5,0.04,Slaughterhouse 2022
2022,Slaughterhouse,6,0.04,Slaughterhouse 2022
2022,Slaughterhouse,7,0.05,Slaughterhouse 2022
2022,Slaughterhouse,8,0.06,Slaughterhouse 2022
2022,Slaughterhouse,9,0.06,Slaughterhouse 2022
2022,Slaughterhouse,10,0.07,Slaughterhouse 2022
2022,Slaughterhouse,11,0.08,Slaughterhouse 2022
2022,Slaughterhouse,12,0.08,Slaughterhouse 2022
2022,Slaughterhouse,13,0.09,Slaughterhouse 2022
2022,Slaughterhouse,14,0.1,Slaughterhouse 2022
2022,Slaughterhouse,15,0.11,Slaughterhouse 2022
2022,Slaughterhouse,16,0.11,Slaughterhouse 2022
2022,Slaughterhouse,17,0.12,Slaughterhouse 2022
2022,Slaughterhouse,18,0.13,Slaughterhouse 2022
2022,Slaughterhouse,19,0.13,Slaughterhouse 2022
2022,Slaughterhouse,20,0.14,Slaughterhouse 2022
2022,Slaughterhouse,21,0.15,Slaughterhouse 2022
2022,Slaughterhouse,22,0.15,Slaughterhouse 2022
2022,Slaughterhouse,23,0.16,Slaughterhouse 2022
2022,Slaughterhouse,24,0.17,Slaughterhouse 2022
2022,Slaughterhouse,25,0.18,Slaughterhouse 2022
2022,Slaughterhouse,26,0.18,Slaughterhouse 2022
2022,Slaughterhouse,27,0.19,Slaughterhouse 2022
2022,Slaughterhouse,28,0.2,Slaughterhouse 2022
2022,Slaughterhouse,29,0.2,Slaughterhouse 2022
2022,Slaughterhouse,30,0.21,Slaughterhouse 2022
2022,Slaughterhouse,31,0.22,Slaughterhouse 2022
2022,Slaughterhouse,32,0.22,Slaughterhouse 2022
2022,Slaughterhouse,33,0.23,Slaughterhouse 2022
2022,Slaughterhouse,34,0.24,Slaughterhouse 2022
2022,Slaughterhouse,35,0.25,Slaughterhouse 2022
2022,Slaughterhouse,36,0.25,Slaughterhouse 2022
2022,Slaughterhouse,37,0.26,Slaughterhouse 2022
2022,Slaughterhouse,38,0.27,Slaughterhouse 2022
2022,Slaughterhouse,39,0.27,Slaughterhouse 2022
2022,Slaughterhouse,40,0.28,Slaughterhouse 2022
2022,Slaughterhouse,41,0.29,Slaughterhouse 2022
2022,Slaughterhouse,42,0.29,Slaughterhouse 2022
2022,Slaughterhouse,43,0.3,Slaughterhouse 2022
2022,Slaughterhouse,44,0.31,Slaughterhouse 2022
2022,Slaughterhouse,45,0.32,Slaughterhouse 2022
2022,Slaughterhouse,46,0.32,Slaughterhouse 2022
2022,Slaughterhouse,47,0.33,Slaughterhouse 2022
2022,Slaughterhouse,48,0.34,Slaughterhouse 2022
2022,Slaughterhouse,49,0.34,Slaughterhouse 2022
2022,Slaughterhouse,50,0.35,Slaughterhouse 2022
2022,Slaughterhouse,51,0.36,Slaughterhouse 2022
2022,Slaughterhouse,52,0.36,Slaughterhouse 2022
2022,Slaughterhouse,53,0.37,Slaughterhouse 2022
2022,Slaughterhouse,54,0.38,Slaughterhouse 2022
2022,Slaughterhouse,55,0.39,Slaughterhouse 2022
2022,Slaughterhouse,56,0.39,Slaughterhouse 2022
2022,Slaughterhouse,57,0.4,Slaughterhouse 2022
2022,Slaughterhouse,58,0.41,Slaughterhouse 2022
2022,Slaughterhouse,59,0.41,Slaughterhouse 2022
2022,Slaughterhouse,60,0.42,Slaughterhouse 2022
2022,Slaughterhouse,61,0.43,Slaughterhouse 2022
2022,Slaughterhouse,62,0.43,Slaughterhouse 2022
2022,Slaughterhouse,63,0.44,Slaughterhouse 2022
2022,Slaughterhouse,64,0.45,Slaughterhouse 2022
2022,Slaughterhouse,65,0.46,Slaughterhouse 2022
2022,Slaughterhouse,66,0.46,Slaughterhouse 2022
2022,Slaughterhouse,67,0.47,Slaughterhouse 2022
2022,Slaughterhouse,68,0.48,Slaughterhouse 2022
2022,Slaughterhouse,69,0.48,Slaughterhouse 2022
2022,Slaughterhouse,70,0.49,Slaughterhouse 2022
2022,Slaughterhouse,71,0.5,Slaughterhouse 2022
2022,Slaughterhouse,72,0.5,Slaughterhouse 2022
2022,Slaughterhouse,73,0.51,Slaughterhouse 2022
2022,Slaughterhouse,74,0.52,Slaughterhouse 2022
2022,Slaughterhouse,75,0.53,Slaughterhouse 2022
2022,Slaughterhouse,76,0.53,Slaughterhouse 2022
2022,Slaughterhouse,77,0.54,Slaughterhouse 2022
2022,Slaughterhouse,78,0.55,Slaughterhouse 2022
2022,Slaughterhouse,79,0.55,Slaughterhouse 2022
2022,Slaughterhouse,80,0.56,Slaughterhouse 2022
2022,Slaughterhouse,81,0.57,Slaughterhouse 2022
2022,Slaughterhouse,82,0.57,Slaughterhouse 2022
2022,Slaughterhouse,83,0.58,Slaughterhouse 2022
2022,Slaughterhouse,84,0.59,Slaughterhouse 2022
2022,Slaughterhouse,85,0.6,Slaughterhouse 2022
2022,Slaughterhouse,86,0.6,Slaughterhouse 2022
2022,Slaughterhouse,87,0.61,Slaughterhouse 2022
2022,Slaughterhouse,88,0.62,Slaughterhouse 2022
2022,Slaughterhouse,89,0.62,Slaughterhouse 2022
2022,Slaughterhouse,90,0.63,Slaughterhouse 2022
2022,Slaughterhouse,91,0.64,Slaughterhouse 2022
2022,Slaughterhouse,92,0.64,Slaughterhouse 2022
2022,Slaughterhouse,93,0.65,Slaughterhouse 2022
2022,Slaughterhouse,94,0.66,Slaughterhouse 2022
2022,Slaughterhouse,95,0.67,Slaughterhouse 2022
2022,Slaughterhouse,96,0.67,Slaughterhouse 2022
2022,Slaughterhouse,97,0.68,Slaughterhouse 2022
2022,Slaughterhouse,98,0.69,Slaughterhouse 2022
2022,Slaughterhouse,99,0.69,Slaughterhouse 2022
2022,Slaughterhouse,100,0.7,Slaughterhouse 2022
2022,Slaughterhouse,101,0.71,Slaughterhouse 2022
2022,Slaughterhouse,102,0.71,Slaughterhouse 2022
2022,Slaughterhouse,103,0.72,Slaughterhouse 2022
2022,Slaughterhouse,104,0.73,Slaughterhouse 2022
2022,Slaughterhouse,105,0.74,Slaughterhouse 2022
2022,Slaughterhouse,106,0.74,Slaughterhouse 2022
2022,Slaughterhouse,107,0.75,Slaughterhouse 2022
2022,Slaughterhouse,108,0.76,Slaughterhouse 2022
2022,Slaughterhouse,109,0.76,Slaughterhouse 2022
2022,Slaughterhouse,110,0.77,Slaughterhouse 2022
2022,Slaughterhouse,111,0.78,Slaughterhouse 2022
2022,Slaughterhouse,112,0.78,Slaughterhouse 2022
2022,Slaughterhouse,113,0.79,Slaughterhouse 2022
2022,Slaughterhouse,114,0.8,Slaughterhouse 2022
2022,Slaughterhouse,115,0.81,Slaughterhouse 2022
2022,Slaughterhouse,116,0.81,Slaughterhouse 2022
2022,Slaughterhouse,117,0.82,Slaughterhouse 2022
2022,Slaughterhouse,118,0.83,Slaughterhouse 2022
2022,Slaughterhouse,119,0.83,Slaughterhouse 2022
2022,Slaughterhouse,120,0.84,Slaughterhouse 2022
2022,Slaughterhouse,121,0.85,Slaughterhouse 2022
2022,Slaughterhouse,122,0.85,Slaughterhouse 2022
2022,Slaughterhouse,123,0.86,Slaughterhouse 2022
2022,Slaughterhouse,124,0.87,Slaughterhouse 2022
2022,Slaughterhouse,125,0.88,Slaughterhouse 2022
2022,Slaughterhouse,126,0.88,Slaughterhouse 2022
2022,Slaughterhouse,127,0.89,Slaughterhouse 2022
2022,Slaughterhouse,128,0.9,Slaughterhouse 2022
2022,Slaughterhouse,129,0.9,Slaughterhouse 2022
2022,Slaughterhouse,130,0.91,Slaughterhouse 2022
2022,Slaughterhouse,131,0.92,Slaughterhouse 2022
2022,Slaughterhouse,132,0.92,Slaughterhouse 2022
2022,Slaughterhouse,133,0.93,Slaughterhouse 2022
2022,Slaughterhouse,134,0.94,Slaughterhouse 2022
2022,Slaughterhouse,135,0.95,Slaughterhouse 2022
2022,Slaughterhouse,136,0.95,Slaughterhouse 2022
2022,Slaughterhouse,137,0.96,Slaughterhouse 2022
2022,Slaughterhouse,138,0.97,Slaughterhouse 2022
2022,Slaughterhouse,139,0.97,Slaughterhouse 2022
2022,Slaughterhouse,140,0.98,Slaughterhouse 2022
2022,Slaughterhouse,141,0.99,Slaughterhouse 2022
2022,Slaughterhouse,142,0.99,Slaughterhouse 2022
2022,Slaughterhouse,143,1,Slaughterhouse 2022
2022,Slaughterhouse,144,1.01,Slaughterhouse 2022
2022,Slaughterhouse,145,1.02,Slaughterhouse 2022
2022,Slaughterhouse,146,1.02,Slaughterhouse 2022
2022,Slaughterhouse,147,1.03,Slaughterhouse 2022
2022,Slaughterhouse,148,1.04,Slaughterhouse 2022
2022,Slaughterhouse,149,1.04,Slaughterhouse 2022
2022,Slaughterhouse,150,1.05,Slaughterhouse 2022
2022,Slaughterhouse,151,1.06,Slaughterhouse 2022
2022,Slaughterhouse,152,1.06,Slaughterhouse 2022
2022,Slaughterhouse,153,1.07,Slaughterhouse 2022
2022,Slaughterhouse,154,1.08,Slaughterhouse 2022
2022,Slaughterhouse,155,1.09,Slaughterhouse 2022
2022,Slaughterhouse,156,1.09,Slaughterhouse 2022
2022,Slaughterhouse,157,1.1,Slaughterhouse 2022
2022,Slaughterhouse,158,1.11,Slaughterhouse 2022
2022,Slaughterhouse,159,1.11,Slaughterhouse 2022
2022,Slaughterhouse,160,1.12,Slaughterhouse 2022
2022,Slaughterhouse,161,1.13,Slaughterhouse 2022
2022,Slaughterhouse,162,1.13,Slaughterhouse 2022
2022,Slaughterhouse,163,1.14,Slaughterhouse 2022
2022,Slaughterhouse,164,1.15,Slaughterhouse 2022
2022,Slaughterhouse,165,1.16,Slaughterhouse 2022
2022,Slaughterhouse,166,1.16,Slaughterhouse 2022
2022,Slaughterhouse,167,1.17,Slaughterhouse 2022
2022,Slaughterhouse,168,1.18,Slaughterhouse 2022
2022,Slaughterhouse,169,1.18,Slaughterhouse 2022
2022,Slaughterhouse,170,1.19,Slaughterhouse 2022
2022,Slaughterhouse,171,1.2,Slaughterhouse 2022
2022,Slaughterhouse,172,1.2,Slaughterhouse 2022
2022,Slaughterhouse,173,1.21,Slaughterhouse 2022
2022,Slaughterhouse,174,1.22,Slaughterhouse 2022
2022,Slaughterhouse,175,1.23,Slaughterhouse 2022
2022,Slaughterhouse,176,1.23,Slaughterhouse 2022
2022,Slaughterhouse,177,1.24,Slaughterhouse 2022
2022,Slaughterhouse,178,1.25,Slaughterhouse 2022
2022,Slaughterhouse,179,1.25,Slaughterhouse 2022
2022,Slaughterhouse,180,1.26,Slaughterhouse 2022
2022,Slaughterhouse,181,1.27,Slaughterhouse 2022
2022,Slaughterhouse,182,1.27,Slaughterhouse 2022
2022,Slaughterhouse,183,1.28,Slaughterhouse 2022
2022,Slaughterhouse,184,1.29,Slaughterhouse 2022
2022,Slaughterhouse,185,1.3,Slaughterhouse 2022
2022,Slaughterhouse,186,1.3,Slaughterhouse 2022
2022,Slaughterhouse,187,1.31,Slaughterhouse 2022
2022,Slaughterhouse,188,1.32,Slaughterhouse 2022
2022,Slaughterhouse,189,1.32,Slaughterhouse 2022
2022,Slaughterhouse,190,1.33,Slaughterhouse 2022
2022,Slaughterhouse,191,1.34,Slaughterhouse 2022
2022,Slaughterhouse,192,1.34,Slaughterhouse 2022
2022,Slaughterhouse,193,1.35,Slaughterhouse 2022
2022,Slaughterhouse,194,1.36,Slaughterhouse 2022
2022,Slaughterhouse,195,1.37,Slaughterhouse 2022
2022,Slaughterhouse,196,1.37,Slaughterhouse 2022
2022,Slaughterhouse,197,1.38,Slaughterhouse 2022
2022,Slaughterhouse,197.1,1.38,Slaughterhouse 2022
2022,Slaughterhouse,198.1,1.39,Slaughterhouse 2022
2022,Slaughterhouse,199.1,1.39,Slaughterhouse 2022
2022,Slaughterhouse,200.1,1.4,Slaughterhouse 2022
2022,Slaughterhouse,201.1,1.41,Slaughterhouse 2022
2022,Slaughterhouse,202.1,1.42,Slaughterhouse 2022
2022,Slaughterhouse,203.1,1.42,Slaughterhouse 2022
2022,Slaughterhouse,204.1,1.43,Slaughterhouse 2022
2022,Slaughterhouse,205.1,1.44,Slaughterhouse 2022
2022,Slaughterhouse,206.1,1.45,Slaughterhouse 2022
2022,Slaughterhouse,207.1,1.45,Slaughterhouse 2022
2022,Slaughterhouse,208.1,1.46,Slaughterhouse 2022
2022,Slaughterhouse,209.1,1.47,Slaughterhouse 2022
2022,Slaughterhouse,210.1,1.47,Slaughterhouse 2022
2022,Slaughterhouse,211.1,1.48,Slaughterhouse 2022
2022,Slaughterhouse,212.1,1.49,Slaughterhouse 2022
2022,Slaughterhouse,213.1,1.5,Slaughterhouse 2022
2022,Slaughterhouse,214.1,1.5,Slaughterhouse 2022
2022,Slaughterhouse,215.1,1.51,Slaughterhouse 2022
2022,Slaughterhouse,216.1,1.51,Slaughterhouse 2022
2022,Slaughterhouse,217.1,1.51,Slaughterhouse 2022
2022,Slaughterhouse,218.1,1.52,Slaughterhouse 2022
2022,Slaughterhouse,219.1,1.52,Slaughterhouse 2022
2022,Slaughterhouse,220.1,1.52,Slaughterhouse 2022
2022,Slaughterhouse,221.1,1.52,Slaughterhouse 2022
2022,Slaughterhouse,222.1,1.52,Slaughterhouse 2022
2022,Slaughterhouse,223.1,1.53,Slaughterhouse 2022
2022,Slaughterhouse,224.1,1.53,Slaughterhouse 2022
2022,Slaughterhouse,225.1,1.53,Slaughterhouse 2022
2022,Slaughterhouse,226.1,1.53,Slaughterhouse 2022
2022,Slaughterhouse,227.1,1.53,Slaughterhouse 2022
2022,Slaughterhouse,228.1,1.54,Slaughterhouse 2022
2022,Slaughterhouse,229.1,1.54,Slaughterhouse 2022
2022,Slaughterhouse,230.1,1.54,Slaughterhouse 2022
2022,Slaughterhouse,231.1,1.54,Slaughterhouse 2022
2022,Slaughterhouse,232.1,1.54,Slaughterhouse 2022
2022,Slaughterhouse,233.1,1.55,Slaughterhouse 2022
2022,Slaughterhouse,234.1,1.55,Slaughterhouse 2022
2022,Slaughterhouse,235.1,1.55,Slaughterhouse 2022
2022,Slaughterhouse,236.1,1.55,Slaughterhouse 2022
2022,Slaughterhouse,237.1,1.55,Slaughterhouse 2022
2022,Slaughterhouse,238.1,1.56,Slaughterhouse 2022
2022,Slaughterhouse,239.1,1.56,Slaughterhouse 2022
2022,Slaughterhouse,240.1,1.56,Slaughterhouse 2022
2022,Slaughterhouse,241.1,1.56,Slaughterhouse 2022
2022,Slaughterhouse,242.1,1.56,Slaughterhouse 2022
2022,Slaughterhouse,243.1,1.57,Slaughterhouse 2022
2022,Slaughterhouse,244.1,1.57,Slaughterhouse 2022
2022,Slaughterhouse,245,1.57,Slaughterhouse 2022
2022,Slaughterhouse,246,1.57,Slaughterhouse 2022
2022,Slaughterhouse,247,1.57,Slaughterhouse 2022
2022,Slaughterhouse,248,1.56,Slaughterhouse 2022
2022,Slaughterhouse,249,1.56,Slaughterhouse 2022
2022,Slaughterhouse,250,1.56,Slaughterhouse 2022
2022,Slaughterhouse,251,1.56,Slaughterhouse 2022
2022,Slaughterhouse,252,1.56,Slaughterhouse 2022
2022,Slaughterhouse,253,1.55,Slaughterhouse 2022
2022,Slaughterhouse,254,1.55,Slaughterhouse 2022
2022,Slaughterhouse,255,1.55,Slaughterhouse 2022
2022,Slaughterhouse,256,1.55,Slaughterhouse 2022
2022,Slaughterhouse,257,1.55,Slaughterhouse 2022
2022,Slaughterhouse,258,1.54,Slaughterhouse 2022
2022,Slaughterhouse,259,1.54,Slaughterhouse 2022
2022,Slaughterhouse,260,1.54,Slaughterhouse 2022
2022,Slaughterhouse,261,1.54,Slaughterhouse 2022
2022,Slaughterhouse,262,1.53,Slaughterhouse 2022
2022,Slaughterhouse,263,1.53,Slaughterhouse 2022
2022,Slaughterhouse,264,1.53,Slaughterhouse 2022
2022,Slaughterhouse,265,1.53,Slaughterhouse 2022
2022,Slaughterhouse,266,1.53,Slaughterhouse 2022
2022,Slaughterhouse,267,1.52,Slaughterhouse 2022
2022,Slaughterhouse,268,1.52,Slaughterhouse 2022
2022,Slaughterhouse,269,1.52,Slaughterhouse 2022
2022,Slaughterhouse,269.1,1.52,Slaughterhouse 2022
2022,Slaughterhouse,270.1,1.52,Slaughterhouse 2022
2022,Slaughterhouse,271.1,1.52,Slaughterhouse 2022
2022,Slaughterhouse,272.1,1.52,Slaughterhouse 2022
2022,Slaughterhouse,273.1,1.52,Slaughterhouse 2022
2022,Slaughterhouse,274.1,1.52,Slaughterhouse 2022
2022,Slaughterhouse,275.1,1.53,Slaughterhouse 2022
2022,Slaughterhouse,276.1,1.53,Slaughterhouse 2022
2022,Slaughterhouse,277.1,1.53,Slaughterhouse 2022
2022,Slaughterhouse,278.1,1.53,Slaughterhouse 2022
2022,Slaughterhouse,279.1,1.53,Slaughterhouse 2022
2022,Slaughterhouse,280.1,1.53,Slaughterhouse 2022
2022,Slaughterhouse,281.1,1.53,Slaughterhouse 2022
2022,Slaughterhouse,282.1,1.53,Slaughterhouse 2022
2022,Slaughterhouse,283.1,1.53,Slaughterhouse 2022
2022,Slaughterhouse,284.1,1.53,Slaughterhouse 2022
2022,Slaughterhouse,285.1,1.54,Slaughterhouse 2022
2022,Slaughterhouse,286.1,1.54,Slaughterhouse 2022
2022,Slaughterhouse,287.1,1.54,Slaughterhouse 2022
2022,Slaughterhouse,288.1,1.54,Slaughterhouse 2022
2022,Slaughterhouse,289.1,1.54,Slaughterhouse 2022
2022,Slaughterhouse,290.1,1.54,Slaughterhouse 2022
2022,Slaughterhouse,291.1,1.54,Slaughterhouse 2022
2022,Slaughterhouse,292.1,1.54,Slaughterhouse 2022
2022,Slaughterhouse,293.1,1.54,Slaughterhouse 2022
2022,Slaughterhouse,294.1,1.54,Slaughterhouse 2022
2022,Slaughterhouse,295.1,1.54,Slaughterhouse 2022
2022,Slaughterhouse,296.1,1.55,Slaughterhouse 2022
2022,Slaughterhouse,297.1,1.55,Slaughterhouse 2022
2022,Slaughterhouse,298.1,1.55,Slaughterhouse 2022
2022,Slaughterhouse,299.1,1.55,Slaughterhouse 2022
2022,Slaughterhouse,300.1,1.55,Slaughterhouse 2022
2022,Slaughterhouse,300.3,1.55,Slaughterhouse 2022
2022,Slaughterhouse,301.3,1.55,Slaughterhouse 2022
2022,Slaughterhouse,302.3,1.55,Slaughterhouse 2022
2022,Slaughterhouse,303.3,1.55,Slaughterhouse 2022
2022,Slaughterhouse,304.3,1.55,Slaughterhouse 2022
2022,Slaughterhouse,305.3,1.55,Slaughterhouse 2022
2022,Slaughterhouse,306.3,1.55,Slaughterhouse 2022
2022,Slaughterhouse,307.3,1.56,Slaughterhouse 2022
2022,Slaughterhouse,308.3,1.56,Slaughterhouse 2022
2022,Slaughterhouse,309.3,1.56,Slaughterhouse 2022
2022,Slaughterhouse,310.3,1.56,Slaughterhouse 2022
2022,Slaughterhouse,311.3,1.56,Slaughterhouse 2022
2022,Slaughterhouse,312.3,1.56,Slaughterhouse 2022
2022,Slaughterhouse,313.3,1.56,Slaughterhouse 2022
2022,Slaughterhouse,314.3,1.56,Slaughterhouse 2022
2022,Slaughterhouse,315.3,1.56,Slaughterhouse 2022
2022,Slaughterhouse,316.3,1.56,Slaughterhouse 2022
2022,Slaughterhouse,317.3,1.56,Slaughterhouse 2022
2022,Slaughterhouse,318.3,1.56,Slaughterhouse 2022
2022,Slaughterhouse,319.3,1.56,Slaughterhouse 2022
2022,Slaughterhouse,320.3,1.57,Slaughterhouse 2022
2022,Slaughterhouse,321.3,1.57,Slaughterhouse 2022
2022,Slaughterhouse,322.3,1.57,Slaughterhouse 2022
2022,Slaughterhouse,323.3,1.57,Slaughterhouse 2022
2022,Slaughterhouse,324.3,1.57,Slaughterhouse 2022
2022,Slaughterhouse,325.3,1.57,Slaughterhouse 2022
2022,Slaughterhouse,325.8,1.57,Slaughterhouse 2022
2022,Slaughterhouse,326.8,1.57,Slaughterhouse 2022
2022,Slaughterhouse,327.8,1.57,Slaughterhouse 2022
2022,Slaughterhouse,328.8,1.57,Slaughterhouse 2022
2022,Slaughterhouse,329.8,1.57,Slaughterhouse 2022
2022,Slaughterhouse,330.8,1.57,Slaughterhouse 2022
2022,Slaughterhouse,331.8,1.57,Slaughterhouse 2022
2022,Slaughterhouse,332.8,1.57,Slaughterhouse 2022
2022,Slaughterhouse,333.8,1.56,Slaughterhouse 2022
2022,Slaughterhouse,334.8,1.56,Slaughterhouse 2022
2022,Slaughterhouse,335.8,1.56,Slaughterhouse 2022
2022,Slaughterhouse,336.8,1.56,Slaughterhouse 2022
2022,Slaughterhouse,337.8,1.56,Slaughterhouse 2022
2022,Slaughterhouse,338.8,1.56,Slaughterhouse 2022
2022,Slaughterhouse,339.8,1.56,Slaughterhouse 2022
2022,Slaughterhouse,340.8,1.56,Slaughterhouse 2022
2022,Slaughterhouse,341.8,1.56,Slaughterhouse 2022
2022,Slaughterhouse,342.8,1.56,Slaughterhouse 2022
2022,Slaughterhouse,343.8,1.56,Slaughterhouse 2022
2022,Slaughterhouse,344.8,1.56,Slaughterhouse 2022
2022,Slaughterhouse,345.8,1.56,Slaughterhouse 2022
2022,Slaughterhouse,346.8,1.56,Slaughterhouse 2022
2022,Slaughterhouse,347.8,1.55,Slaughterhouse 2022
2022,Slaughterhouse,348.8,1.55,Slaughterhouse 2022
2022,Slaughterhouse,349.8,1.55,Slaughterhouse 2022
2022,Slaughterhouse,350.8,1.55,Slaughterhouse 2022
2022,Slaughterhouse,351.8,1.55,Slaughterhouse 2022
2022,Slaughterhouse,352.8,1.55,Slaughterhouse 2022
2022,Slaughterhouse,353.8,1.55,Slaughterhouse 2022
2022,Slaughterhouse,354.5,1.55,Slaughterhouse 2022
2022,Slaughterhouse,355.5,1.55,Slaughterhouse 2022
2022,Slaughterhouse,356.5,1.55,Slaughterhouse 2022
2022,Slaughterhouse,357.5,1.54,Slaughterhouse 2022
2022,Slaughterhouse,358.5,1.54,Slaughterhouse 2022
2022,Slaughterhouse,359.5,1.54,Slaughterhouse 2022
2022,Slaughterhouse,360.5,1.54,Slaughterhouse 2022
2022,Slaughterhouse,361.5,1.53,Slaughterhouse 2022
2022,Slaughterhouse,362.5,1.53,Slaughterhouse 2022
2022,Slaughterhouse,363.5,1.53,Slaughterhouse 2022
2022,Slaughterhouse,364.5,1.53,Slaughterhouse 2022
2022,Slaughterhouse,365.5,1.53,Slaughterhouse 2022
2022,Slaughterhouse,366.5,1.52,Slaughterhouse 2022
2022,Slaughterhouse,367.5,1.52,Slaughterhouse 2022
2022,Slaughterhouse,368.5,1.52,Slaughterhouse 2022
2022,Slaughterhouse,369.5,1.52,Slaughterhouse 2022
2022,Slaughterhouse,370.5,1.51,Slaughterhouse 2022
2022,Slaughterhouse,371.5,1.51,Slaughterhouse 2022
2022,Slaughterhouse,372.5,1.51,Slaughterhouse 2022
2022,Slaughterhouse,373.5,1.51,Slaughterhouse 2022
2022,Slaughterhouse,374.5,1.51,Slaughterhouse 2022
2022,Slaughterhouse,375.5,1.5,Slaughterhouse 2022
2022,Slaughterhouse,376.5,1.5,Slaughterhouse 2022
2022,Slaughterhouse,377.5,1.5,Slaughterhouse 2022
2022,Slaughterhouse,378.5,1.5,Slaughterhouse 2022
2022,Slaughterhouse,379.5,1.49,Slaughterhouse 2022
2022,Slaughterhouse,380.5,1.49,Slaughterhouse 2022
2022,Slaughterhouse,381.5,1.49,Slaughterhouse 2022
2022,Slaughterhouse,381.6,1.49,Slaughterhouse 2022
2022,Slaughterhouse,382.6,1.5,Slaughterhouse 2022
2022,Slaughterhouse,383.6,1.5,Slaughterhouse 2022
2022,Slaughterhouse,384.6,1.51,Slaughterhouse 2022
2022,Slaughterhouse,385.6,1.51,Slaughterhouse 2022
2022,Slaughterhouse,386.6,1.52,Slaughterhouse 2022
2022,Slaughterhouse,387.6,1.53,Slaughterhouse 2022
2022,Slaughterhouse,388.6,1.53,Slaughterhouse 2022
2022,Slaughterhouse,389.6,1.54,Slaughterhouse 2022
2022,Slaughterhouse,390.6,1.54,Slaughterhouse 2022
2022,Slaughterhouse,391.6,1.55,Slaughterhouse 2022
2022,Slaughterhouse,392.6,1.56,Slaughterhouse 2022
2022,Slaughterhouse,393.6,1.56,Slaughterhouse 2022
2022,Slaughterhouse,394.6,1.57,Slaughterhouse 2022
2022,Slaughterhouse,395.6,1.57,Slaughterhouse 2022
2022,Slaughterhouse,396.6,1.58,Slaughterhouse 2022
2022,Slaughterhouse,397.6,1.59,Slaughterhouse 2022
2022,Slaughterhouse,398.6,1.59,Slaughterhouse 2022
2022,Slaughterhouse,399.6,1.6,Slaughterhouse 2022
2022,Slaughterhouse,400.6,1.6,Slaughterhouse 2022
2022,Slaughterhouse,401.6,1.61,Slaughterhouse 2022
2022,Slaughterhouse,402.6,1.62,Slaughterhouse 2022
2022,Slaughterhouse,403.6,1.62,Slaughterhouse 2022
2022,Slaughterhouse,404.6,1.63,Slaughterhouse 2022
2022,Slaughterhouse,405.6,1.63,Slaughterhouse 2022
2022,Slaughterhouse,406.6,1.64,Slaughterhouse 2022
2022,Slaughterhouse,407.6,1.65,Slaughterhouse 2022
2022,Slaughterhouse,408.6,1.65,Slaughterhouse 2022
2022,Slaughterhouse,409.6,1.66,Slaughterhouse 2022
2022,Slaughterhouse,409.9,1.66,Slaughterhouse 2022
2022,Slaughterhouse,410.9,1.66,Slaughterhouse 2022
2022,Slaughterhouse,411.9,1.67,Slaughterhouse 2022
2022,Slaughterhouse,412.9,1.67,Slaughterhouse 2022
2022,Slaughterhouse,413.9,1.68,Slaughterhouse 2022
2022,Slaughterhouse,414.9,1.68,Slaughterhouse 2022
2022,Slaughterhouse,415.9,1.68,Slaughterhouse 2022
2022,Slaughterhouse,416.9,1.69,Slaughterhouse 2022
2022,Slaughterhouse,417.9,1.69,Slaughterhouse 2022
2022,Slaughterhouse,418.9,1.7,Slaughterhouse 2022
2022,Slaughterhouse,419.9,1.7,Slaughterhouse 2022
2022,Slaughterhouse,420.9,1.7,Slaughterhouse 2022
2022,Slaughterhouse,421.9,1.71,Slaughterhouse 2022
2022,Slaughterhouse,422.9,1.71,Slaughterhouse 2022
2022,Slaughterhouse,423.9,1.72,Slaughterhouse 2022
2022,Slaughterhouse,424.9,1.72,Slaughterhouse 2022
2022,Slaughterhouse,425.9,1.72,Slaughterhouse 2022
2022,Slaughterhouse,426.9,1.73,Slaughterhouse 2022
2022,Slaughterhouse,427.9,1.73,Slaughterhouse 2022
2022,Slaughterhouse,428.9,1.74,Slaughterhouse 2022
2022,Slaughterhouse,429.9,1.74,Slaughterhouse 2022
2022,Slaughterhouse,430.9,1.74,Slaughterhouse 2022
2022,Slaughterhouse,431.9,1.75,Slaughterhouse 2022
2022,Slaughterhouse,432.9,1.75,Slaughterhouse 2022
2022,Slaughterhouse,433.9,1.76,Slaughterhouse 2022
2022,Slaughterhouse,434.9,1.76,Slaughterhouse 2022
2022,Slaughterhouse,435.9,1.76,Slaughterhouse 2022
2022,Slaughterhouse,436.9,1.77,Slaughterhouse 2022
2022,Slaughterhouse,437.9,1.77,Slaughterhouse 2022
2022,Slaughterhouse,438.9,1.78,Slaughterhouse 2022
2022,Slaughterhouse,439.9,1.78,Slaughterhouse 2022
2022,Slaughterhouse,440,1.78,Slaughterhouse 2022
2022,Slaughterhouse,441,1.78,Slaughterhouse 2022
2022,Slaughterhouse,442,1.78,Slaughterhouse 2022
2022,Slaughterhouse,443,1.79,Slaughterhouse 2022
2022,Slaughterhouse,444,1.79,Slaughterhouse 2022
2022,Slaughterhouse,445,1.79,Slaughterhouse 2022
2022,Slaughterhouse,446,1.79,Slaughterhouse 2022
2022,Slaughterhouse,447,1.8,Slaughterhouse 2022
2022,Slaughterhouse,448,1.8,Slaughterhouse 2022
2022,Slaughterhouse,449,1.8,Slaughterhouse 2022
2022,Slaughterhouse,450,1.8,Slaughterhouse 2022
2022,Slaughterhouse,451,1.8,Slaughterhouse 2022
2022,Slaughterhouse,452,1.81,Slaughterhouse 2022
2022,Slaughterhouse,453,1.81,Slaughterhouse 2022
2022,Slaughterhouse,454,1.81,Slaughterhouse 2022
2022,Slaughterhouse,455,1.81,Slaughterhouse 2022
2022,Slaughterhouse,456,1.81,Slaughterhouse 2022
2022,Slaughterhouse,457,1.82,Slaughterhouse 2022
2022,Slaughterhouse,458,1.82,Slaughterhouse 2022
2022,Slaughterhouse,459,1.82,Slaughterhouse 2022
2022,Slaughterhouse,460,1.82,Slaughterhouse 2022
2022,Slaughterhouse,461,1.83,Slaughterhouse 2022
2022,Slaughterhouse,462,1.83,Slaughterhouse 2022
2022,Slaughterhouse,463,1.83,Slaughterhouse 2022
2022,Slaughterhouse,464,1.83,Slaughterhouse 2022
2022,Slaughterhouse,465,1.83,Slaughterhouse 2022
2022,Slaughterhouse,466,1.84,Slaughterhouse 2022
2022,Slaughterhouse,467,1.84,Slaughterhouse 2022
2022,Slaughterhouse,467.6,1.84,Slaughterhouse 2022
2022,Slaughterhouse,468.6,1.84,Slaughterhouse 2022
2022,Slaughterhouse,469.6,1.84,Slaughterhouse 2022
2022,Slaughterhouse,470.6,1.85,Slaughterhouse 2022
2022,Slaughterhouse,471.6,1.85,Slaughterhouse 2022
2022,Slaughterhouse,472.6,1.85,Slaughterhouse 2022
2022,Slaughterhouse,473.6,1.85,Slaughterhouse 2022
2022,Slaughterhouse,474.6,1.85,Slaughterhouse 2022
2022,Slaughterhouse,475.6,1.85,Slaughterhouse 2022
2022,Slaughterhouse,476.6,1.86,Slaughterhouse 2022
2022,Slaughterhouse,477.6,1.86,Slaughterhouse 2022
2022,Slaughterhouse,478.6,1.86,Slaughterhouse 2022
2022,Slaughterhouse,479.6,1.86,Slaughterhouse 2022
2022,Slaughterhouse,480.6,1.86,Slaughterhouse 2022
2022,Slaughterhouse,481.6,1.86,Slaughterhouse 2022
2022,Slaughterhouse,482.6,1.87,Slaughterhouse 2022
2022,Slaughterhouse,483.6,1.87,Slaughterhouse 2022
2022,Slaughterhouse,484.6,1.87,Slaughterhouse 2022
2022,Slaughterhouse,485.6,1.87,Slaughterhouse 2022
2022,Slaughterhouse,486.6,1.87,Slaughterhouse 2022
2022,Slaughterhouse,487.6,1.88,Slaughterhouse 2022
2022,Slaughterhouse,488.6,1.88,Slaughterhouse 2022
2022,Slaughterhouse,489.6,1.88,Slaughterhouse 2022
2022,Slaughterhouse,490.6,1.88,Slaughterhouse 2022
2022,Slaughterhouse,491.6,1.88,Slaughterhouse 2022
2022,Slaughterhouse,492.6,1.88,Slaughterhouse 2022
2022,Slaughterhouse,493.6,1.89,Slaughterhouse 2022
2022,Slaughterhouse,494.6,1.89,Slaughterhouse 2022
2022,Slaughterhouse,495.6,1.89,Slaughterhouse 2022
2022,Slaughterhouse,496.1,1.89,Slaughterhouse 2022
2022,Slaughterhouse,497.1,1.89,Slaughterhouse 2022
2022,Slaughterhouse,498.1,1.9,Slaughterhouse 2022
2022,Slaughterhouse,499.1,1.9,Slaughterhouse 2022
2022,Slaughterhouse,500.1,1.9,Slaughterhouse 2022
2022,Slaughterhouse,501.1,1.91,Slaughterhouse 2022
2022,Slaughterhouse,502.1,1.91,Slaughterhouse 2022
2022,Slaughterhouse,503.1,1.91,Slaughterhouse 2022
2022,Slaughterhouse,504.1,1.92,Slaughterhouse 2022
2022,Slaughterhouse,505.1,1.92,Slaughterhouse 2022
2022,Slaughterhouse,506.1,1.92,Slaughterhouse 2022
2022,Slaughterhouse,507.1,1.93,Slaughterhouse 2022
2022,Slaughterhouse,508.1,1.93,Slaughterhouse 2022
2022,Slaughterhouse,509.1,1.93,Slaughterhouse 2022
2022,Slaughterhouse,510.1,1.94,Slaughterhouse 2022
2022,Slaughterhouse,511.1,1.94,Slaughterhouse 2022
2022,Slaughterhouse,512.1,1.94,Slaughterhouse 2022
2022,Slaughterhouse,513.1,1.95,Slaughterhouse 2022
2022,Slaughterhouse,514.1,1.95,Slaughterhouse 2022
2022,Slaughterhouse,515.1,1.95,Slaughterhouse 2022
2022,Slaughterhouse,516.1,1.96,Slaughterhouse 2022
2022,Slaughterhouse,517.1,1.96,Slaughterhouse 2022
2022,Slaughterhouse,518.1,1.96,Slaughterhouse 2022
2022,Slaughterhouse,519.1,1.97,Slaughterhouse 2022
2022,Slaughterhouse,520.1,1.97,Slaughterhouse 2022
2022,Slaughterhouse,521.1,1.97,Slaughterhouse 2022
2022,Slaughterhouse,522.1,1.98,Slaughterhouse 2022
2022,Slaughterhouse,523.1,1.98,Slaughterhouse 2022
2022,Slaughterhouse,523.6,1.98,Slaughterhouse 2022
2022,Slaughterhouse,524.6,1.98,Slaughterhouse 2022
2022,Slaughterhouse,525.6,1.99,Slaughterhouse 2022
2022,Slaughterhouse,526.6,1.99,Slaughterhouse 2022
2022,Slaughterhouse,527.6,1.99,Slaughterhouse 2022
2022,Slaughterhouse,528.6,1.99,Slaughterhouse 2022
2022,Slaughterhouse,529.6,2,Slaughterhouse 2022
2022,Slaughterhouse,530.6,2,Slaughterhouse 2022
2022,Slaughterhouse,531.6,2,Slaughterhouse 2022
2022,Slaughterhouse,532.6,2.01,Slaughterhouse 2022
2022,Slaughterhouse,533.6,2.01,Slaughterhouse 2022
2022,Slaughterhouse,534.6,2.01,Slaughterhouse 2022
2022,Slaughterhouse,535.6,2.01,Slaughterhouse 2022
2022,Slaughterhouse,536.6,2.02,Slaughterhouse 2022
2022,Slaughterhouse,537.6,2.02,Slaughterhouse 2022
2022,Slaughterhouse,538.6,2.02,Slaughterhouse 2022
2022,Slaughterhouse,539.6,2.02,Slaughterhouse 2022
2022,Slaughterhouse,540.6,2.03,Slaughterhouse 2022
2022,Slaughterhouse,541.6,2.03,Slaughterhouse 2022
2022,Slaughterhouse,542.6,2.03,Slaughterhouse 2022
2022,Slaughterhouse,543.6,2.04,Slaughterhouse 2022
2022,Slaughterhouse,544.6,2.04,Slaughterhouse 2022
2022,Slaughterhouse,545.6,2.04,Slaughterhouse 2022
2022,Slaughterhouse,546.6,2.04,Slaughterhouse 2022
2022,Slaughterhouse,547.6,2.05,Slaughterhouse 2022
2022,Slaughterhouse,548.6,2.05,Slaughterhouse 2022
2022,Slaughterhouse,549.6,2.05,Slaughterhouse 2022
2022,Slaughterhouse,550.6,2.06,Slaughterhouse 2022
2022,Slaughterhouse,551.6,2.06,Slaughterhouse 2022
2022,Slaughterhouse,552.3,2.06,Slaughterhouse 2022
2022,Slaughterhouse,553.3,2.06,Slaughterhouse 2022
2022,Slaughterhouse,554.3,2.06,Slaughterhouse 2022
2022,Slaughterhouse,555.3,2.06,Slaughterhouse 2022
2022,Slaughterhouse,556.3,2.06,Slaughterhouse 2022
2022,Slaughterhouse,557.3,2.07,Slaughterhouse 2022
2022,Slaughterhouse,558.3,2.07,Slaughterhouse 2022
2022,Slaughterhouse,559.3,2.07,Slaughterhouse 2022
2022,Slaughterhouse,560.3,2.07,Slaughterhouse 2022
2022,Slaughterhouse,561.3,2.07,Slaughterhouse 2022
2022,Slaughterhouse,562.3,2.07,Slaughterhouse 2022
2022,Slaughterhouse,563.3,2.07,Slaughterhouse 2022
2022,Slaughterhouse,564.3,2.07,Slaughterhouse 2022
2022,Slaughterhouse,565.3,2.07,Slaughterhouse 2022
2022,Slaughterhouse,566.3,2.07,Slaughterhouse 2022
2022,Slaughterhouse,567.3,2.08,Slaughterhouse 2022
2022,Slaughterhouse,568.3,2.08,Slaughterhouse 2022
2022,Slaughterhouse,569.3,2.08,Slaughterhouse 2022
2022,Slaughterhouse,570.3,2.08,Slaughterhouse 2022
2022,Slaughterhouse,571.3,2.08,Slaughterhouse 2022
2022,Slaughterhouse,572.3,2.08,Slaughterhouse 2022
2022,Slaughterhouse,573.3,2.08,Slaughterhouse 2022
2022,Slaughterhouse,574.3,2.08,Slaughterhouse 2022
2022,Slaughterhouse,575.3,2.08,Slaughterhouse 2022
2022,Slaughterhouse,576.3,2.08,Slaughterhouse 2022
2022,Slaughterhouse,577.3,2.09,Slaughterhouse 2022
2022,Slaughterhouse,578.3,2.09,Slaughterhouse 2022
2022,Slaughterhouse,579.3,2.09,Slaughterhouse 2022
2022,Slaughterhouse,580.3,2.09,Slaughterhouse 2022
2022,Slaughterhouse,581.3,2.09,Slaughterhouse 2022
2022,Slaughterhouse,581.8,2.09,Slaughterhouse 2022
2022,Slaughterhouse,582.8,2.09,Slaughterhouse 2022
2022,Slaughterhouse,583.8,2.09,Slaughterhouse 2022
2022,Slaughterhouse,584.8,2.1,Slaughterhouse 2022
2022,Slaughterhouse,585.8,2.1,Slaughterhouse 2022
2022,Slaughterhouse,586.8,2.1,Slaughterhouse 2022
2022,Slaughterhouse,587.8,2.1,Slaughterhouse 2022
2022,Slaughterhouse,588.8,2.1,Slaughterhouse 2022
2022,Slaughterhouse,589.8,2.11,Slaughterhouse 2022
2022,Slaughterhouse,590.8,2.11,Slaughterhouse 2022
2022,Slaughterhouse,591.8,2.11,Slaughterhouse 2022
2022,Slaughterhouse,592.8,2.11,Slaughterhouse 2022
2022,Slaughterhouse,593.8,2.12,Slaughterhouse 2022
2022,Slaughterhouse,594.8,2.12,Slaughterhouse 2022
2022,Slaughterhouse,595.8,2.12,Slaughterhouse 2022
2022,Slaughterhouse,596.8,2.12,Slaughterhouse 2022
2022,Slaughterhouse,597.8,2.12,Slaughterhouse 2022
2022,Slaughterhouse,598.8,2.13,Slaughterhouse 2022
2022,Slaughterhouse,599.8,2.13,Slaughterhouse 2022
2022,Slaughterhouse,600.8,2.13,Slaughterhouse 2022
2022,Slaughterhouse,601.8,2.13,Slaughterhouse 2022
2022,Slaughterhouse,602.8,2.13,Slaughterhouse 2022
2022,Slaughterhouse,603.8,2.14,Slaughterhouse 2022
2022,Slaughterhouse,604.8,2.14,Slaughterhouse 2022
2022,Slaughterhouse,605.8,2.14,Slaughterhouse 2022
2022,Slaughterhouse,606.8,2.14,Slaughterhouse 2022
2022,Slaughterhouse,607.8,2.14,Slaughterhouse 2022
2022,Slaughterhouse,608.8,2.15,Slaughterhouse 2022
2022,Slaughterhouse,609.8,2.15,Slaughterhouse 2022
2022,Slaughterhouse,610.2,2.15,Slaughterhouse 2022
2022,Slaughterhouse,611.2,2.16,Slaughterhouse 2022
2022,Slaughterhouse,612.2,2.17,Slaughterhouse 2022
2022,Slaughterhouse,613.2,2.18,Slaughterhouse 2022
2022,Slaughterhouse,614.2,2.19,Slaughterhouse 2022
2022,Slaughterhouse,615.2,2.2,Slaughterhouse 2022
2022,Slaughterhouse,616.2,2.21,Slaughterhouse 2022
2022,Slaughterhouse,617.2,2.22,Slaughterhouse 2022
2022,Slaughterhouse,618.2,2.23,Slaughterhouse 2022
2022,Slaughterhouse,619.2,2.24,Slaughterhouse 2022
2022,Slaughterhouse,620.2,2.25,Slaughterhouse 2022
2022,Slaughterhouse,621.2,2.26,Slaughterhouse 2022
2022,Slaughterhouse,622.2,2.27,Slaughterhouse 2022
2022,Slaughterhouse,623.2,2.28,Slaughterhouse 2022
2022,Slaughterhouse,624.2,2.29,Slaughterhouse 2022
2022,Slaughterhouse,625.2,2.3,Slaughterhouse 2022
2022,Slaughterhouse,626.2,2.31,Slaughterhouse 2022
2022,Slaughterhouse,627.2,2.32,Slaughterhouse 2022
2022,Slaughterhouse,628.2,2.33,Slaughterhouse 2022
2022,Slaughterhouse,629.2,2.34,Slaughterhouse 2022
2022,Slaughterhouse,630.2,2.35,Slaughterhouse 2022
2022,Slaughterhouse,631.2,2.36,Slaughterhouse 2022
2022,Slaughterhouse,632.2,2.37,Slaughterhouse 2022
2022,Slaughterhouse,633.2,2.38,Slaughterhouse 2022
2022,Slaughterhouse,634.2,2.39,Slaughterhouse 2022
2022,Slaughterhouse,635.2,2.4,Slaughterhouse 2022
2022,Slaughterhouse,636.2,2.41,Slaughterhouse 2022
2022,Slaughterhouse,637.2,2.42,Slaughterhouse 2022
2022,Slaughterhouse,638.2,2.43,Slaughterhouse 2022
2022,Slaughterhouse,638.9,2.44,Slaughterhouse 2022
2022,Slaughterhouse,639.9,2.44,Slaughterhouse 2022
2022,Slaughterhouse,640.9,2.45,Slaughterhouse 2022
2022,Slaughterhouse,641.9,2.45,Slaughterhouse 2022
2022,Slaughterhouse,642.9,2.46,Slaughterhouse 2022
2022,Slaughterhouse,643.9,2.46,Slaughterhouse 2022
2022,Slaughterhouse,644.9,2.47,Slaughterhouse 2022
2022,Slaughterhouse,645.9,2.47,Slaughterhouse 2022
2022,Slaughterhouse,646.9,2.48,Slaughterhouse 2022
2022,Slaughterhouse,647.9,2.48,Slaughterhouse 2022
2022,Slaughterhouse,648.9,2.49,Slaughterhouse 2022
2022,Slaughterhouse,649.9,2.49,Slaughterhouse 2022
2022,Slaughterhouse,650.9,2.5,Slaughterhouse 2022
2022,Slaughterhouse,651.9,2.5,Slaughterhouse 2022
2022,Slaughterhouse,652.9,2.51,Slaughterhouse 2022
2022,Slaughterhouse,653.9,2.51,Slaughterhouse 2022
2022,Slaughterhouse,654.9,2.52,Slaughterhouse 2022
2022,Slaughterhouse,655.9,2.52,Slaughterhouse 2022
2022,Slaughterhouse,656.9,2.53,Slaughterhouse 2022
2022,Slaughterhouse,657.9,2.53,Slaughterhouse 2022
2022,Slaughterhouse,658.9,2.54,Slaughterhouse 2022
2022,Slaughterhouse,659.9,2.54,Slaughterhouse 2022
2022,Slaughterhouse,660.9,2.55,Slaughterhouse 2022
2022,Slaughterhouse,661.9,2.55,Slaughterhouse 2022
2022,Slaughterhouse,662.9,2.56,Slaughterhouse 2022
2022,Slaughterhouse,663.9,2.56,Slaughterhouse 2022
2022,Slaughterhouse,664.9,2.57,Slaughterhouse 2022
2022,Slaughterhouse,665.9,2.57,Slaughterhouse 2022
2022,Slaughterhouse,666.9,2.58,Slaughterhouse 2022
2022,Slaughterhouse,667.9,2.58,Slaughterhouse 2022
2022,Slaughterhouse,668.9,2.59,Slaughterhouse 2022
2022,Slaughterhouse,669.9,2.6,Slaughterhouse 2022
2022,Slaughterhouse,670.9,2.6,Slaughterhouse 2022
2022,Slaughterhouse,671.9,2.61,Slaughterhouse 2022
2022,Slaughterhouse,672.9,2.62,Slaughterhouse 2022
2022,Slaughterhouse,673.9,2.62,Slaughterhouse 2022
2022,Slaughterhouse,674.9,2.63,Slaughterhouse 2022
2022,Slaughterhouse,675.9,2.64,Slaughterhouse 2022
2022,Slaughterhouse,676.9,2.65,Slaughterhouse 2022
2022,Slaughterhouse,677.9,2.65,Slaughterhouse 2022
2022,Slaughterhouse,678.9,2.66,Slaughterhouse 2022
2022,Slaughterhouse,679.9,2.67,Slaughterhouse 2022
2022,Slaughterhouse,680.9,2.67,Slaughterhouse 2022
2022,Slaughterhouse,681.9,2.68,Slaughterhouse 2022
2022,Slaughterhouse,682.9,2.69,Slaughterhouse 2022
2022,Slaughterhouse,683.9,2.69,Slaughterhouse 2022
2022,Slaughterhouse,684.9,2.7,Slaughterhouse 2022
2022,Slaughterhouse,685.9,2.71,Slaughterhouse 2022
2022,Slaughterhouse,686.9,2.72,Slaughterhouse 2022
2022,Slaughterhouse,687.9,2.72,Slaughterhouse 2022
2022,Slaughterhouse,688.9,2.73,Slaughterhouse 2022
2022,Slaughterhouse,689.9,2.74,Slaughterhouse 2022
2022,Slaughterhouse,690.9,2.74,Slaughterhouse 2022
2022,Slaughterhouse,691.9,2.75,Slaughterhouse 2022
2022,Slaughterhouse,692.9,2.76,Slaughterhouse 2022
2022,Slaughterhouse,693.9,2.76,Slaughterhouse 2022
2022,Slaughterhouse,694.9,2.77,Slaughterhouse 2022
2022,Slaughterhouse,695.9,2.78,Slaughterhouse 2022
2022,Slaughterhouse,696.9,2.78,Slaughterhouse 2022
2022,Slaughterhouse,697.9,2.79,Slaughterhouse 2022
2022,Slaughterhouse,698.9,2.8,Slaughterhouse 2022
2022,Slaughterhouse,699.9,2.81,Slaughterhouse 2022
2022,Slaughterhouse,700.9,2.81,Slaughterhouse 2022
2022,Slaughterhouse,701.9,2.82,Slaughterhouse 2022
2022,Old Orchard,0,0,Old Orchard 2022
2022,Old Orchard,1,0.03,Old Orchard 2022
2022,Old Orchard,2,0.06,Old Orchard 2022
2022,Old Orchard,3,0.09,Old Orchard 2022
2022,Old Orchard,4,0.12,Old Orchard 2022
2022,Old Orchard,5,0.15,Old Orchard 2022
2022,Old Orchard,6,0.17,Old Orchard 2022
2022,Old Orchard,7,0.2,Old Orchard 2022
2022,Old Orchard,8,0.23,Old Orchard 2022
2022,Old Orchard,9,0.26,Old Orchard 2022
2022,Old Orchard,10,0.29,Old Orchard 2022
2022,Old Orchard,11,0.32,Old Orchard 2022
2022,Old Orchard,12,0.35,Old Orchard 2022
2022,Old Orchard,13,0.38,Old Orchard 2022
2022,Old Orchard,14,0.41,Old Orchard 2022
2022,Old Orchard,15,0.44,Old Orchard 2022
2022,Old Orchard,16,0.46,Old Orchard 2022
2022,Old Orchard,17,0.49,Old Orchard 2022
2022,Old Orchard,18,0.52,Old Orchard 2022
2022,Old Orchard,19,0.55,Old Orchard 2022
2022,Old Orchard,20,0.58,Old Orchard 2022
2022,Old Orchard,21,0.61,Old Orchard 2022
2022,Old Orchard,22,0.64,Old Orchard 2022
2022,Old Orchard,23,0.67,Old Orchard 2022
2022,Old Orchard,24,0.7,Old Orchard 2022
2022,Old Orchard,25,0.73,Old Orchard 2022
2022,Old Orchard,26,0.75,Old Orchard 2022
2022,Old Orchard,27,0.78,Old Orchard 2022
2022,Old Orchard,28,0.81,Old Orchard 2022
2022,Old Orchard,29,0.84,Old Orchard 2022
2022,Old Orchard,30,0.87,Old Orchard 2022
2022,Old Orchard,31,0.9,Old Orchard 2022
2022,Old Orchard,32,0.93,Old Orchard 2022
2022,Old Orchard,33,0.96,Old Orchard 2022
2022,Old Orchard,34,0.99,Old Orchard 2022
2022,Old Orchard,35,1.02,Old Orchard 2022
2022,Old Orchard,36,1.04,Old Orchard 2022
2022,Old Orchard,37,1.07,Old Orchard 2022
2022,Old Orchard,38,1.1,Old Orchard 2022
2022,Old Orchard,39,1.13,Old Orchard 2022
2022,Old Orchard,40,1.16,Old Orchard 2022
2022,Old Orchard,41,1.19,Old Orchard 2022
2022,Old Orchard,42,1.23,Old Orchard 2022
2022,Old Orchard,43,1.27,Old Orchard 2022
2022,Old Orchard,44,1.31,Old Orchard 2022
2022,Old Orchard,45,1.35,Old Orchard 2022
2022,Old Orchard,46,1.39,Old Orchard 2022
2022,Old Orchard,47,1.43,Old Orchard 2022
2022,Old Orchard,47.4,1.45,Old Orchard 2022
2022,Old Orchard,48.4,1.49,Old Orchard 2022
2022,Old Orchard,49.4,1.53,Old Orchard 2022
2022,Old Orchard,50.4,1.56,Old Orchard 2022
2022,Old Orchard,51.4,1.6,Old Orchard 2022
2022,Old Orchard,52.4,1.64,Old Orchard 2022
2022,Old Orchard,53.4,1.68,Old Orchard 2022
2022,Old Orchard,53.8,1.69,Old Orchard 2022
2022,Old Orchard,54.8,1.73,Old Orchard 2022
2022,Old Orchard,55.8,1.78,Old Orchard 2022
2022,Old Orchard,56.8,1.82,Old Orchard 2022
2022,Old Orchard,57.8,1.86,Old Orchard 2022
2022,Old Orchard,58.8,1.91,Old Orchard 2022
2022,Old Orchard,59.8,1.95,Old Orchard 2022
2022,Old Orchard,60.7,1.99,Old Orchard 2022
2022,Old Orchard,61.7,2.04,Old Orchard 2022
2022,Old Orchard,62.7,2.09,Old Orchard 2022
2022,Old Orchard,63.7,2.14,Old Orchard 2022
2022,Old Orchard,64.7,2.18,Old Orchard 2022
2022,Old Orchard,65.7,2.23,Old Orchard 2022
2022,Old Orchard,66.7,2.28,Old Orchard 2022
2022,Old Orchard,67.7,2.33,Old Orchard 2022
2022,Old Orchard,68.7,2.41,Old Orchard 2022
2022,Old Orchard,69.7,2.5,Old Orchard 2022
2022,Old Orchard,70.7,2.58,Old Orchard 2022
2022,Old Orchard,71.7,2.66,Old Orchard 2022
2022,Old Orchard,72.7,2.75,Old Orchard 2022
2022,Old Orchard,73.7,2.83,Old Orchard 2022
2022,Old Orchard,74.3,2.88,Old Orchard 2022
2022,Old Orchard,75.3,2.99,Old Orchard 2022
2022,Old Orchard,76.3,3.1,Old Orchard 2022
2022,Old Orchard,77.3,3.21,Old Orchard 2022
2022,Old Orchard,78.3,3.32,Old Orchard 2022
2022,Old Orchard,79.3,3.43,Old Orchard 2022
2022,Old Orchard,80.3,3.54,Old Orchard 2022
2022,Old Orchard,80.8,3.59,Old Orchard 2022
2022,Old Orchard,81.8,3.71,Old Orchard 2022
2022,Old Orchard,82.8,3.84,Old Orchard 2022
2022,Old Orchard,83.8,3.96,Old Orchard 2022
2022,Old Orchard,84.8,4.09,Old Orchard 2022
2022,Old Orchard,85.8,4.22,Old Orchard 2022
2022,Old Orchard,86.8,4.34,Old Orchard 2022
2022,Old Orchard,87.8,4.46,Old Orchard 2022
2022,Old Orchard,88.8,4.59,Old Orchard 2022
2022,Barnett,0,0,Barnett 2022
2022,Barnett,1,0.25,Barnett 2022
2022,Barnett,2,0.5,Barnett 2022
2022,Barnett,3,0.75,Barnett 2022
2022,Barnett,4,1,Barnett 2022
2022,Barnett,4.1,1.03,Barnett 2022
2022,Barnett,5.1,1.1,Barnett 2022
2022,Barnett,6.1,1.16,Barnett 2022
2022,Barnett,7.1,1.23,Barnett 2022
2022,Barnett,8.1,1.29,Barnett 2022
2022,Barnett,9.1,1.36,Barnett 2022
2022,Barnett,10.1,1.43,Barnett 2022
2022,Barnett,11.1,1.49,Barnett 2022
2022,Barnett,12.1,1.56,Barnett 2022
2022,Barnett,13.1,1.64,Barnett 2022
2022,Barnett,14.1,1.72,Barnett 2022
2022,Barnett,15.1,1.81,Barnett 2022
2022,Barnett,16.1,1.89,Barnett 2022
2022,Barnett,17.1,1.97,Barnett 2022
2022,Barnett,17.7,2.02,Barnett 2022
2022,Barnett,17.8,2.01,Barnett 2022
2022,Barnett,18.8,2.05,Barnett 2022
2022,Barnett,19.8,2.08,Barnett 2022
2022,Barnett,20.8,2.12,Barnett 2022
2022,Barnett,21.8,2.15,Barnett 2022
2022,Barnett,22.8,2.19,Barnett 2022
2022,Barnett,23.8,2.23,Barnett 2022
2022,Barnett,24.8,2.26,Barnett 2022
2022,Barnett,25,2.27,Barnett 2022
2022,Barnett,26,2.32,Barnett 2022
2022,Barnett,27,2.36,Barnett 2022
2022,Barnett,28,2.41,Barnett 2022
2022,Barnett,29,2.45,Barnett 2022
2022,Barnett,30,2.5,Barnett 2022
2022,Barnett,31,2.55,Barnett 2022
2022,Barnett,32,2.59,Barnett 2022
2022,Barnett,32.2,2.6,Barnett 2022
2022,Barnett,33.2,2.63,Barnett 2022
2022,Barnett,34.2,2.66,Barnett 2022
2022,Barnett,35.2,2.69,Barnett 2022
2022,Barnett,36.2,2.72,Barnett 2022
2022,Barnett,37.2,2.75,Barnett 2022
2022,Barnett,38.2,2.79,Barnett 2022
2022,Barnett,39.2,2.82,Barnett 2022
2022,Barnett,39.3,2.82,Barnett 2022
2022,Barnett,40.3,2.88,Barnett 2022
2022,Barnett,41.3,2.93,Barnett 2022
2022,Barnett,42.3,2.99,Barnett 2022
2022,Barnett,43.3,3.04,Barnett 2022
2022,Barnett,44.3,3.1,Barnett 2022
2022,Barnett,45.3,3.15,Barnett 2022
2022,Barnett,46.3,3.21,Barnett 2022
2022,Barnett,47.1,3.25,Barnett 2022
2022,Barnett,48.1,3.28,Barnett 2022
2022,Barnett,49.1,3.3,Barnett 2022
2022,Barnett,50.1,3.33,Barnett 2022
2022,Barnett,51.1,3.36,Barnett 2022
2022,Barnett,52.1,3.39,Barnett 2022
2022,Barnett,53.1,3.41,Barnett 2022
2022,Barnett,54.1,3.44,Barnett 2022
2022,Barnett,55.1,3.51,Barnett 2022
2022,Barnett,56.1,3.58,Barnett 2022
2022,Barnett,57.1,3.64,Barnett 2022
2022,Barnett,58.1,3.71,Barnett 2022
2022,Barnett,59.1,3.78,Barnett 2022
2022,Barnett,60.1,3.85,Barnett 2022
2022,Barnett,61.1,3.91,Barnett 2022
2022,Barnett,61.5,3.94,Barnett 2022
2022,Barnett,62.5,4.01,Barnett 2022
2022,Barnett,63.5,4.08,Barnett 2022
2022,Barnett,64.5,4.15,Barnett 2022
2022,Barnett,65.5,4.22,Barnett 2022
2022,Barnett,66.5,4.29,Barnett 2022
2022,Barnett,67.5,4.36,Barnett 2022
